-- Seed data for categories

insert into public.categories (id, name, slug, description, sort_order, is_active)
values 
  ('11111111-1111-1111-1111-111111111111', 'Phones', 'phones', 'Premium smartphones including iPhones and Samsung Galaxy devices', 1, true),
  ('22222222-2222-2222-2222-222222222222', 'Earpods & Audio', 'audio', 'True wireless earbuds, headphones, and Bluetooth speakers', 2, true),
  ('33333333-3333-3333-3333-333333333333', 'Accessories', 'accessories', 'Chargers, cables, cases, and other essential device accessories', 3, true),
  ('44444444-4444-4444-4444-444444444444', 'Gaming & PlayStation', 'gaming', 'PlayStation consoles, controllers, and VR equipment', 4, true),
  ('55555555-5555-5555-5555-555555555555', 'Games', 'games', 'Physical disc games for PS4, PS5, and Xbox', 5, true),
  ('66666666-6666-6666-6666-666666666666', 'Laptops', 'laptops', 'Premium laptops and notebooks for work and gaming', 6, true)
on conflict (id) do update set
  name = excluded.name,
  slug = excluded.slug,
  description = excluded.description,
  sort_order = excluded.sort_order,
  is_active = excluded.is_active;


-- Seed data for brands
-- NOTE: logo_url values are text placeholders (placehold.co), NOT official brand marks.

-- Real brand logos are trademarked assets and must be sourced with proper rights

-- (official press kits / manufacturer partner resources) before production use.

insert into public.brands (id, name, slug, logo_url)
values
  ('aaaaaaaa-aaaa-aaaa-aaaa-aaaaaaaaaaaa', 'Apple', 'apple', 'https://placehold.co/200x200/0a0a0a/ffffff?text=Apple'),
  ('bbbbbbbb-bbbb-bbbb-bbbb-bbbbbbbbbbbb', 'Samsung', 'samsung', 'https://placehold.co/200x200/0a0a0a/ffffff?text=Samsung'),
  ('cccccccc-cccc-cccc-cccc-cccccccccccc', 'Sony', 'sony', 'https://placehold.co/200x200/0a0a0a/ffffff?text=Sony'),
  ('dddddddd-dddd-dddd-dddd-dddddddddddd', 'Anker', 'anker', 'https://placehold.co/200x200/0a0a0a/ffffff?text=Anker'),
  ('36393ee4-c132-4b26-9881-888428ba887f', 'Google', 'google', 'https://placehold.co/200x200/0a0a0a/ffffff?text=Google'),
  ('ba1b7044-47f2-48b8-a3c5-5b21b17349f6', 'Tecno', 'tecno', 'https://placehold.co/200x200/0a0a0a/ffffff?text=Tecno'),
  ('e47486a0-a49b-4ce1-b662-a944a3ad5ddc', 'Infinix', 'infinix', 'https://placehold.co/200x200/0a0a0a/ffffff?text=Infinix'),
  ('e1b0af6a-4314-4304-bf37-f05cebc16253', 'Xiaomi', 'xiaomi', 'https://placehold.co/200x200/0a0a0a/ffffff?text=Xiaomi'),
  ('e8da8e45-a06c-49c7-8c0c-7a2384115a27', 'JBL', 'jbl', 'https://placehold.co/200x200/0a0a0a/ffffff?text=JBL'),
  ('1f92ddc0-1d67-4642-aaf4-427b9c188651', 'Bose', 'bose', 'https://placehold.co/200x200/0a0a0a/ffffff?text=Bose'),
  ('1107e49d-3a1a-4e66-ad0c-ae3a3acac48a', 'Dell', 'dell', 'https://placehold.co/200x200/0a0a0a/ffffff?text=Dell'),
  ('c7c6b506-8930-4175-9887-d65269222f56', 'HP', 'hp', 'https://placehold.co/200x200/0a0a0a/ffffff?text=HP'),
  ('6732a50d-575a-4ae2-9044-1707cf2a0337', 'Beats', 'beats', 'https://placehold.co/200x200/0a0a0a/ffffff?text=Beats'),
  ('85c77935-17eb-4dbc-b3f8-b1a985ba8176', 'Microsoft', 'microsoft', 'https://placehold.co/200x200/0a0a0a/ffffff?text=Microsoft'),
  ('7d121769-e1e7-42f7-acda-df7f4041d4a9', 'Baseus', 'baseus', 'https://placehold.co/200x200/0a0a0a/ffffff?text=Baseus'),
  ('3d8e4eb4-1668-43cc-b495-d7f56dbb4e52', 'UGREEN', 'ugreen', 'https://placehold.co/200x200/0a0a0a/ffffff?text=UGREEN')
on conflict (id) do update set
  name = excluded.name,
  slug = excluded.slug,
  logo_url = excluded.logo_url;


-- Seed data for products

insert into public.products (id, name, slug, description, category_id, brand_id, base_price, sale_price, sku, stock_quantity, has_variants, specifications, status, is_featured, meta_title, meta_description)
values
  (
    '00000000-0000-0000-0000-000000000001', 
    'iPhone 15 Pro Max', 
    'iphone-15-pro-max', 
    'The iPhone 15 Pro Max has a strong and light titanium design. It features a groundbreaking 48MP main camera, an A17 Pro chip for next-level gaming performance, and a USB-C connector with USB 3 speeds. Perfect for creators and power users alike.', 
    '11111111-1111-1111-1111-111111111111', 
    'aaaaaaaa-aaaa-aaaa-aaaa-aaaaaaaaaaaa', 
    1600000.00, 
    1550000.00, 
    'AP-IP15PM-256', 
    25, 
    true, 
    '{"RAM": "8GB", "Storage": "256GB", "Battery": "4441 mAh", "Screen": "6.7 inches Super Retina XDR", "Processor": "A17 Pro"}', 
    'published', 
    true, 
    'Buy iPhone 15 Pro Max in Lagos, Nigeria - Maurice Gadgets Hub', 
    'The iPhone 15 Pro Max has a strong and light titanium design. It features a groundbreaking 48MP main camera,... Available now in Ikeja, Lagos.'
  ),
  (
    '00000000-0000-0000-0000-000000000002', 
    'Samsung Galaxy S24 Ultra', 
    'samsung-galaxy-s24-ultra', 
    'Welcome to the era of mobile AI. With Galaxy S24 Ultra in your hands, you can unleash whole new levels of creativity, productivity, and possibility. Featuring a titanium exterior, built-in S Pen, and a 200MP camera system.', 
    '11111111-1111-1111-1111-111111111111', 
    'bbbbbbbb-bbbb-bbbb-bbbb-bbbbbbbbbbbb', 
    1550000.00, 
    null, 
    'SS-GALS24U-256', 
    15, 
    true, 
    '{"RAM": "12GB", "Storage": "256GB", "Battery": "5000 mAh", "Screen": "6.8 inches Dynamic AMOLED 2X", "Processor": "Snapdragon 8 Gen 3"}', 
    'published', 
    true, 
    'Buy Samsung Galaxy S24 Ultra in Lagos, Nigeria - Maurice Gadgets Hub', 
    'Welcome to the era of mobile AI. With Galaxy S24 Ultra in your hands, you can unleash whole new levels of... Available now in Ikeja, Lagos.'
  ),
  (
    '00000000-0000-0000-0000-000000000003', 
    'Sony WF-1000XM5 Noise Canceling Earpods', 
    'sony-wf-1000xm5', 
    'The WF-1000XM5 features cutting-edge technology to deliver premium sound quality and the best truly wireless noise-canceling performance on the market. With real-time audio processors and high-performance mics, you get deep immersion like never before.', 
    '22222222-2222-2222-2222-222222222222', 
    'cccccccc-cccc-cccc-cccc-cccccccccccc', 
    350000.00, 
    null, 
    'SN-WF1000XM5', 
    40, 
    false, 
    '{"Bluetooth": "5.3", "Battery Life": "8 hours (24 hours with case)", "Water Resistance": "IPX4", "Driver Unit": "8.4 mm"}', 
    'published', 
    true, 
    'Buy Sony WF-1000XM5 Noise Canceling Earpods in Lagos, Nigeria - Maurice Gadgets Hub', 
    'The WF-1000XM5 features cutting-edge technology to deliver premium sound quality and the best truly wireless... Available now in Ikeja, Lagos.'
  ),
  (
    '00000000-0000-0000-0000-000000000004', 
    'PlayStation 5 Slim Console', 
    'playstation-5-slim-console', 
    'Experience lightning-fast loading with an ultra-high speed SSD, deeper immersion with support for haptic feedback, adaptive triggers, and 3D Audio, and an all-new generation of incredible PlayStation games. Slimmer profile with 1TB of storage.', 
    '44444444-4444-4444-4444-444444444444', 
    'cccccccc-cccc-cccc-cccc-cccccccccccc', 
    780000.00, 
    null, 
    'SN-PS5-SLIM', 
    10, 
    false, 
    '{"Storage": "1TB SSD", "Resolution": "4K UHD @ 120Hz", "HDR Support": "Yes", "CPU": "AMD Ryzen Zen 2"}', 
    'published', 
    true, 
    'Buy PlayStation 5 Slim Console in Lagos, Nigeria - Maurice Gadgets Hub', 
    'Experience lightning-fast loading with an ultra-high speed SSD, deeper immersion with support for haptic... Available now in Ikeja, Lagos.'
  ),
  (
    '00000000-0000-0000-0000-000000000005', 
    'EA Sports FC 24 (PS5 Game)', 
    'ea-sports-fc-24-ps5', 
    'EA Sports FC 24 is a new era for The World''s Game: 19,000+ fully licensed players, 700+ teams, and 30+ leagues playing together in the most authentic football experience ever created on PlayStation 5.', 
    '55555555-5555-5555-5555-555555555555', 
    'cccccccc-cccc-cccc-cccc-cccccccccccc', 
    75000.00, 
    68000.00, 
    'SN-FC24-PS5', 
    50, 
    false, 
    '{"Platform": "PlayStation 5", "Genre": "Sports", "Publisher": "EA Sports", "Multiplayer": "Yes (up to 4)"}', 
    'published', 
    false, 
    'Buy EA Sports FC 24 (PS5 Game) in Lagos, Nigeria - Maurice Gadgets Hub', 
    'EA Sports FC 24 is a new era for The World''s Game: 19,000+ fully licensed players, 700+ teams, and 30+... Available now in Ikeja, Lagos.'
  ),
  (
    '00000000-0000-0000-0000-000000000006', 
    'Anker Prime 100W GaN Wall Charger', 
    'anker-prime-100w-gan-charger', 
    'Equipped with 3 charging ports, GaNPrime technology, and ActiveShield 2.0 temperature monitoring, the Anker Prime 100W charger lets you fast charge your phone, laptop, and earbuds simultaneously from a single compact adapter.', 
    '33333333-3333-3333-3333-333333333333', 
    'dddddddd-dddd-dddd-dddd-dddddddddddd', 
    95000.00, 
    null, 
    'AK-PR100W-CHG', 
    30, 
    false, 
    '{"Ports": "2x USB-C, 1x USB-A", "Total Output": "100W max", "Technology": "GaNPrime", "Dimensions": "1.7 x 1.5 x 2.4 in"}', 
    'published', 
    false, 
    'Buy Anker Prime 100W GaN Wall Charger in Lagos, Nigeria - Maurice Gadgets Hub', 
    'Equipped with 3 charging ports, GaNPrime technology, and ActiveShield 2.0 temperature monitoring, the Anker... Available now in Ikeja, Lagos.'
  ),
  (
    '5259f309-3f91-45fb-b6be-0f9c09cd8b8b', 
    'iPhone 15', 
    'iphone-15', 
    'The iPhone 15 features Dynamic Island, a 48MP main camera, and USB-C — all wrapped in a durable color-infused glass and aluminum design.', 
    '11111111-1111-1111-1111-111111111111', 
    'aaaaaaaa-aaaa-aaaa-aaaa-aaaaaaaaaaaa', 
    950000.00, 
    null, 
    'AP-IPH15-2A499', 
    30, 
    true, 
    '{"RAM": "6GB", "Storage": "128GB", "Battery": "3349 mAh", "Screen": "6.1 inches Super Retina XDR", "Processor": "A16 Bionic"}', 
    'published', 
    true, 
    'Buy iPhone 15 in Lagos, Nigeria - Maurice Gadgets Hub', 
    'The iPhone 15 features Dynamic Island, a 48MP main camera, and USB-C — all wrapped in a durable color-infused... Available now in Ikeja, Lagos.'
  ),
  (
    '8d0f4521-591c-4766-a531-7b2483973f7b', 
    'iPhone 14', 
    'iphone-14', 
    'iPhone 14 brings a powerful dual-camera system, Crash Detection, and all-day battery life in a durable, splash-resistant design.', 
    '11111111-1111-1111-1111-111111111111', 
    'aaaaaaaa-aaaa-aaaa-aaaa-aaaaaaaaaaaa', 
    750000.00, 
    700000.00, 
    'AP-IPH14-7AB3C', 
    22, 
    false, 
    '{"RAM": "6GB", "Storage": "128GB", "Battery": "3279 mAh", "Screen": "6.1 inches Super Retina XDR", "Processor": "A15 Bionic"}', 
    'published', 
    false, 
    'Buy iPhone 14 in Lagos, Nigeria - Maurice Gadgets Hub', 
    'iPhone 14 brings a powerful dual-camera system, Crash Detection, and all-day battery life in a durable,... Available now in Ikeja, Lagos.'
  ),
  (
    'a04b5e58-e2c7-47e5-9b2f-9dfc88e7040f', 
    'iPhone 13', 
    'iphone-13', 
    'iPhone 13 delivers a beautiful Super Retina XDR display, advanced dual-camera system, and the powerful A15 Bionic chip.', 
    '11111111-1111-1111-1111-111111111111', 
    'aaaaaaaa-aaaa-aaaa-aaaa-aaaaaaaaaaaa', 
    580000.00, 
    null, 
    'AP-IPH13-B0594', 
    18, 
    false, 
    '{"RAM": "4GB", "Storage": "128GB", "Battery": "3240 mAh", "Screen": "6.1 inches Super Retina XDR", "Processor": "A15 Bionic"}', 
    'published', 
    false, 
    'Buy iPhone 13 in Lagos, Nigeria - Maurice Gadgets Hub', 
    'iPhone 13 delivers a beautiful Super Retina XDR display, advanced dual-camera system, and the powerful A15... Available now in Ikeja, Lagos.'
  ),
  (
    '0ef1120d-c225-43f6-a79a-dc627b08dc02', 
    'Samsung Galaxy S23 FE', 
    'samsung-galaxy-s23-fe', 
    'Galaxy S23 FE brings flagship features — a pro-grade camera system and smooth 120Hz display — in a sleek, accessible package.', 
    '11111111-1111-1111-1111-111111111111', 
    'bbbbbbbb-bbbb-bbbb-bbbb-bbbbbbbbbbbb', 
    620000.00, 
    null, 
    'SA-SAMGALS23-EBF7C', 
    20, 
    false, 
    '{"RAM": "8GB", "Storage": "128GB", "Battery": "4500 mAh", "Screen": "6.4 inches Dynamic AMOLED 2X", "Processor": "Exynos 2200"}', 
    'published', 
    false, 
    'Buy Samsung Galaxy S23 FE in Lagos, Nigeria - Maurice Gadgets Hub', 
    'Galaxy S23 FE brings flagship features — a pro-grade camera system and smooth 120Hz display — in a sleek,... Available now in Ikeja, Lagos.'
  ),
  (
    'fda8ecff-2e68-4391-a104-264d30bc3d6e', 
    'Samsung Galaxy A54', 
    'samsung-galaxy-a54', 
    'Galaxy A54 offers an award-winning camera, a bright 120Hz display, and all-day battery — built to keep up with everything you do.', 
    '11111111-1111-1111-1111-111111111111', 
    'bbbbbbbb-bbbb-bbbb-bbbb-bbbbbbbbbbbb', 
    380000.00, 
    350000.00, 
    'SA-SAMGALA54-D0440', 
    35, 
    false, 
    '{"RAM": "8GB", "Storage": "128GB", "Battery": "5000 mAh", "Screen": "6.4 inches Super AMOLED", "Processor": "Exynos 1380"}', 
    'published', 
    false, 
    'Buy Samsung Galaxy A54 in Lagos, Nigeria - Maurice Gadgets Hub', 
    'Galaxy A54 offers an award-winning camera, a bright 120Hz display, and all-day battery — built to keep up... Available now in Ikeja, Lagos.'
  ),
  (
    '53dae507-243f-453c-91ee-3f48bb4b5996', 
    'Google Pixel 8 Pro', 
    'google-pixel-8-pro', 
    'Pixel 8 Pro is engineered by Google with the Google Tensor G3 chip, an advanced camera system, and the most helpful AI features yet.', 
    '11111111-1111-1111-1111-111111111111', 
    '36393ee4-c132-4b26-9881-888428ba887f', 
    1100000.00, 
    null, 
    'GO-GOOPIX8-BBEE9', 
    10, 
    false, 
    '{"RAM": "12GB", "Storage": "128GB", "Battery": "5050 mAh", "Screen": "6.7 inches LTPO OLED", "Processor": "Google Tensor G3"}', 
    'published', 
    true, 
    'Buy Google Pixel 8 Pro in Lagos, Nigeria - Maurice Gadgets Hub', 
    'Pixel 8 Pro is engineered by Google with the Google Tensor G3 chip, an advanced camera system, and the most... Available now in Ikeja, Lagos.'
  ),
  (
    'd4db67f6-369a-48e5-8b9a-808106cd44ad', 
    'Google Pixel 8', 
    'google-pixel-8', 
    'Pixel 8 packs pro-level cameras, a sharp Actua display, and 7 years of OS and security updates.', 
    '11111111-1111-1111-1111-111111111111', 
    '36393ee4-c132-4b26-9881-888428ba887f', 
    850000.00, 
    null, 
    'GO-GOOPIX8-4B29A', 
    14, 
    false, 
    '{"RAM": "8GB", "Storage": "128GB", "Battery": "4575 mAh", "Screen": "6.2 inches OLED", "Processor": "Google Tensor G3"}', 
    'published', 
    false, 
    'Buy Google Pixel 8 in Lagos, Nigeria - Maurice Gadgets Hub', 
    'Pixel 8 packs pro-level cameras, a sharp Actua display, and 7 years of OS and security... Available now in Ikeja, Lagos.'
  ),
  (
    '860809d2-7bdc-4359-b11b-570b54e79136', 
    'Tecno Phantom V Fold', 
    'tecno-phantom-v-fold', 
    'Tecno''s flagship foldable — a large immersive inner display, flagship-grade cameras, and a lightweight foldable design.', 
    '11111111-1111-1111-1111-111111111111', 
    'ba1b7044-47f2-48b8-a3c5-5b21b17349f6', 
    1350000.00, 
    1250000.00, 
    'TE-TECPHAV-5845C', 
    6, 
    false, 
    '{"RAM": "12GB", "Storage": "256GB", "Battery": "5100 mAh", "Screen": "7.85 inches Foldable AMOLED", "Processor": "MediaTek Dimensity 9000+"}', 
    'published', 
    true, 
    'Buy Tecno Phantom V Fold in Lagos, Nigeria - Maurice Gadgets Hub', 
    'Tecno''s flagship foldable — a large immersive inner display, flagship-grade cameras, and a lightweight... Available now in Ikeja, Lagos.'
  ),
  (
    'bd16c7e9-384d-4d5e-a773-0514adec7f50', 
    'Tecno Camon 20 Pro', 
    'tecno-camon-20-pro', 
    'Camon 20 Pro features a 64MP RGBW main camera for stunning low-light photography and a sleek curved-edge design.', 
    '11111111-1111-1111-1111-111111111111', 
    'ba1b7044-47f2-48b8-a3c5-5b21b17349f6', 
    320000.00, 
    null, 
    'TE-TECCAM20-ACFFA', 
    28, 
    false, 
    '{"RAM": "8GB", "Storage": "256GB", "Battery": "5000 mAh", "Screen": "6.67 inches AMOLED", "Processor": "MediaTek Helio G99"}', 
    'published', 
    false, 
    'Buy Tecno Camon 20 Pro in Lagos, Nigeria - Maurice Gadgets Hub', 
    'Camon 20 Pro features a 64MP RGBW main camera for stunning low-light photography and a sleek curved-edge... Available now in Ikeja, Lagos.'
  ),
  (
    '74e0555d-7be6-4a3c-addb-1c18e2cbc1c7', 
    'Infinix Zero 30', 
    'infinix-zero-30', 
    'Zero 30 offers a 108MP camera with 4K 60fps video, a curved AMOLED display, and 68W fast charging.', 
    '11111111-1111-1111-1111-111111111111', 
    'e47486a0-a49b-4ce1-b662-a944a3ad5ddc', 
    350000.00, 
    null, 
    'IN-INFZER30-AC6F5', 
    25, 
    false, 
    '{"RAM": "8GB", "Storage": "256GB", "Battery": "5000 mAh", "Screen": "6.78 inches Curved AMOLED", "Processor": "MediaTek Dimensity 8020"}', 
    'published', 
    false, 
    'Buy Infinix Zero 30 in Lagos, Nigeria - Maurice Gadgets Hub', 
    'Zero 30 offers a 108MP camera with 4K 60fps video, a curved AMOLED display, and 68W fast... Available now in Ikeja, Lagos.'
  ),
  (
    'b5ddfda7-bdfb-4be4-b1df-c422868d492a', 
    'Infinix Note 30', 
    'infinix-note-30', 
    'Note 30 delivers 68W all-round fast charging, a 108MP camera, and a big 6.78-inch FHD+ display for everyday power users.', 
    '11111111-1111-1111-1111-111111111111', 
    'e47486a0-a49b-4ce1-b662-a944a3ad5ddc', 
    220000.00, 
    195000.00, 
    'IN-INFNOT30-E87C9', 
    40, 
    false, 
    '{"RAM": "8GB", "Storage": "128GB", "Battery": "5000 mAh", "Screen": "6.78 inches IPS LCD", "Processor": "MediaTek Helio G99"}', 
    'published', 
    false, 
    'Buy Infinix Note 30 in Lagos, Nigeria - Maurice Gadgets Hub', 
    'Note 30 delivers 68W all-round fast charging, a 108MP camera, and a big 6.78-inch FHD+ display for everyday... Available now in Ikeja, Lagos.'
  ),
  (
    '9045327e-abcf-4428-ade5-2e42fa0f6f64', 
    'Xiaomi Redmi Note 13 Pro', 
    'xiaomi-redmi-note-13-pro', 
    'Redmi Note 13 Pro brings a 200MP camera, a stunning curved AMOLED display, and IP54 splash resistance at an accessible price.', 
    '11111111-1111-1111-1111-111111111111', 
    'e1b0af6a-4314-4304-bf37-f05cebc16253', 
    280000.00, 
    null, 
    'XI-XIAREDNOT-CB532', 
    32, 
    false, 
    '{"RAM": "8GB", "Storage": "256GB", "Battery": "5100 mAh", "Screen": "6.67 inches Curved AMOLED", "Processor": "MediaTek Dimensity 7200 Ultra"}', 
    'published', 
    false, 
    'Buy Xiaomi Redmi Note 13 Pro in Lagos, Nigeria - Maurice Gadgets Hub', 
    'Redmi Note 13 Pro brings a 200MP camera, a stunning curved AMOLED display, and IP54 splash resistance at an... Available now in Ikeja, Lagos.'
  ),
  (
    '4bcf3b6b-e9ab-4a1a-8d59-82426fee7f34', 
    'Apple AirPods Pro (2nd Gen)', 
    'airpods-pro-2nd-gen', 
    'AirPods Pro feature up to 2x more Active Noise Cancellation, Adaptive Audio, and a redesigned case with Precision Finding.', 
    '22222222-2222-2222-2222-222222222222', 
    'aaaaaaaa-aaaa-aaaa-aaaa-aaaaaaaaaaaa', 
    320000.00, 
    null, 
    'AP-APPAIRPRO-E207B', 
    45, 
    false, 
    '{"Bluetooth": "5.3", "Battery Life": "6 hours (30 hours with case)", "Water Resistance": "IP54", "Chip": "Apple H2"}', 
    'published', 
    true, 
    'Buy Apple AirPods Pro (2nd Gen) in Lagos, Nigeria - Maurice Gadgets Hub', 
    'AirPods Pro feature up to 2x more Active Noise Cancellation, Adaptive Audio, and a redesigned case with... Available now in Ikeja, Lagos.'
  ),
  (
    '73c5f639-92ba-4315-b1db-9b1debebd430', 
    'Apple AirPods Max', 
    'airpods-max', 
    'AirPods Max deliver high-fidelity audio with computational audio for Adaptive EQ, Active Noise Cancellation, and Spatial Audio.', 
    '22222222-2222-2222-2222-222222222222', 
    'aaaaaaaa-aaaa-aaaa-aaaa-aaaaaaaaaaaa', 
    550000.00, 
    null, 
    'AP-APPAIRMAX-FC815', 
    12, 
    false, 
    '{"Bluetooth": "5.0", "Battery Life": "20 hours", "Type": "Over-ear", "Chip": "Apple H1 (dual)"}', 
    'published', 
    false, 
    'Buy Apple AirPods Max in Lagos, Nigeria - Maurice Gadgets Hub', 
    'AirPods Max deliver high-fidelity audio with computational audio for Adaptive EQ, Active Noise Cancellation,... Available now in Ikeja, Lagos.'
  ),
  (
    'eba54736-f687-4250-9ec9-1f7f62b831a3', 
    'Apple AirPods (3rd Gen)', 
    'airpods-3rd-gen', 
    'AirPods (3rd generation) feature Spatial Audio, a contoured design, and up to 30 hours of listening time with the charging case.', 
    '22222222-2222-2222-2222-222222222222', 
    'aaaaaaaa-aaaa-aaaa-aaaa-aaaaaaaaaaaa', 
    210000.00, 
    190000.00, 
    'AP-APPAIR(3R-B40E3', 
    38, 
    false, 
    '{"Bluetooth": "5.0", "Battery Life": "6 hours (30 hours with case)", "Water Resistance": "IPX4", "Chip": "Apple H1"}', 
    'published', 
    false, 
    'Buy Apple AirPods (3rd Gen) in Lagos, Nigeria - Maurice Gadgets Hub', 
    'AirPods (3rd generation) feature Spatial Audio, a contoured design, and up to 30 hours of listening time with... Available now in Ikeja, Lagos.'
  ),
  (
    'be5fd093-ed2a-4527-afa2-a4a8023396d4', 
    'Samsung Galaxy Buds2 Pro', 
    'samsung-galaxy-buds2-pro', 
    'Galaxy Buds2 Pro deliver 24-bit Hi-Fi sound, intelligent Active Noise Cancellation, and a comfortable, lightweight fit.', 
    '22222222-2222-2222-2222-222222222222', 
    'bbbbbbbb-bbbb-bbbb-bbbb-bbbbbbbbbbbb', 
    195000.00, 
    null, 
    'SA-SAMGALBUD-BAF75', 
    30, 
    false, 
    '{"Bluetooth": "5.3", "Battery Life": "5 hours (18 hours with case)", "Water Resistance": "IPX7", "Driver Unit": "10mm + 5.3mm"}', 
    'published', 
    false, 
    'Buy Samsung Galaxy Buds2 Pro in Lagos, Nigeria - Maurice Gadgets Hub', 
    'Galaxy Buds2 Pro deliver 24-bit Hi-Fi sound, intelligent Active Noise Cancellation, and a comfortable,... Available now in Ikeja, Lagos.'
  ),
  (
    'f510502b-9689-4bd2-bb86-e9a3e156842c', 
    'JBL Tune 760NC', 
    'jbl-tune-760nc', 
    'JBL Tune 760NC on-ear headphones deliver JBL Pure Bass sound with Active Noise Cancelling and up to 35 hours of battery life.', 
    '22222222-2222-2222-2222-222222222222', 
    'e8da8e45-a06c-49c7-8c0c-7a2384115a27', 
    65000.00, 
    null, 
    'JB-JBLTUN760-86390', 
    42, 
    false, 
    '{"Bluetooth": "5.0", "Battery Life": "35 hours (ANC on)", "Type": "On-ear, foldable", "Fast Charge": "2hr in 5min"}', 
    'published', 
    false, 
    'Buy JBL Tune 760NC in Lagos, Nigeria - Maurice Gadgets Hub', 
    'JBL Tune 760NC on-ear headphones deliver JBL Pure Bass sound with Active Noise Cancelling and up to 35 hours... Available now in Ikeja, Lagos.'
  ),
  (
    '0bd4b1c4-f2c3-4db3-ab08-f861e3186af8', 
    'JBL Flip 6 Bluetooth Speaker', 
    'jbl-flip-6', 
    'JBL Flip 6 delivers bold JBL Original Pro Sound in a durable, IP67 waterproof and dustproof portable speaker.', 
    '22222222-2222-2222-2222-222222222222', 
    'e8da8e45-a06c-49c7-8c0c-7a2384115a27', 
    110000.00, 
    95000.00, 
    'JB-JBLFLI6-36C2D', 
    25, 
    false, 
    '{"Bluetooth": "5.1", "Battery Life": "12 hours", "Water Resistance": "IP67", "Output Power": "20W RMS"}', 
    'published', 
    true, 
    'Buy JBL Flip 6 Bluetooth Speaker in Lagos, Nigeria - Maurice Gadgets Hub', 
    'JBL Flip 6 delivers bold JBL Original Pro Sound in a durable, IP67 waterproof and dustproof portable... Available now in Ikeja, Lagos.'
  ),
  (
    'c1371d9c-55e6-463e-b534-04cd642ac2eb', 
    'JBL Charge 5', 
    'jbl-charge-5', 
    'JBL Charge 5 combines powerful JBL sound with a built-in powerbank to charge your devices on the go, IP67 rated.', 
    '22222222-2222-2222-2222-222222222222', 
    'e8da8e45-a06c-49c7-8c0c-7a2384115a27', 
    145000.00, 
    null, 
    'JB-JBLCHA5-1171A', 
    18, 
    false, 
    '{"Bluetooth": "5.1", "Battery Life": "20 hours", "Water Resistance": "IP67", "Output Power": "40W RMS"}', 
    'published', 
    false, 
    'Buy JBL Charge 5 in Lagos, Nigeria - Maurice Gadgets Hub', 
    'JBL Charge 5 combines powerful JBL sound with a built-in powerbank to charge your devices on the go, IP67... Available now in Ikeja, Lagos.'
  ),
  (
    '9ac35b44-97fa-45fa-b2bc-b19d1b777edf', 
    'Bose QuietComfort Ultra Headphones', 
    'bose-quietcomfort-ultra', 
    'Bose QuietComfort Ultra headphones combine world-class noise cancellation with Bose Immersive Audio for a spatial listening experience.', 
    '22222222-2222-2222-2222-222222222222', 
    '1f92ddc0-1d67-4642-aaf4-427b9c188651', 
    480000.00, 
    null, 
    'BO-BOSQUIULT-E2867', 
    9, 
    false, 
    '{"Bluetooth": "5.3", "Battery Life": "24 hours", "Type": "Over-ear", "ANC": "World-class"}', 
    'published', 
    true, 
    'Buy Bose QuietComfort Ultra Headphones in Lagos, Nigeria - Maurice Gadgets Hub', 
    'Bose QuietComfort Ultra headphones combine world-class noise cancellation with Bose Immersive Audio for a... Available now in Ikeja, Lagos.'
  ),
  (
    '84fc74e6-858b-4207-8f60-5b7de118e11c', 
    'Bose SoundLink Flex', 
    'bose-soundlink-flex', 
    'Bose SoundLink Flex is a rugged, waterproof portable speaker with surprisingly big, clear sound for its size.', 
    '22222222-2222-2222-2222-222222222222', 
    '1f92ddc0-1d67-4642-aaf4-427b9c188651', 
    150000.00, 
    null, 
    'BO-BOSSOUFLE-D6950', 
    20, 
    false, 
    '{"Bluetooth": "4.2", "Battery Life": "12 hours", "Water Resistance": "IP67", "Weight": "0.6 kg"}', 
    'published', 
    false, 
    'Buy Bose SoundLink Flex in Lagos, Nigeria - Maurice Gadgets Hub', 
    'Bose SoundLink Flex is a rugged, waterproof portable speaker with surprisingly big, clear sound for its... Available now in Ikeja, Lagos.'
  ),
  (
    '85c87c64-554b-4bfb-a792-9f6b745808ce', 
    'Beats Studio Pro', 
    'beats-studio-pro', 
    'Beats Studio Pro deliver personalized Spatial Audio, Active Noise Cancelling, and up to 40 hours of listening time.', 
    '22222222-2222-2222-2222-222222222222', 
    '6732a50d-575a-4ae2-9044-1707cf2a0337', 
    320000.00, 
    null, 
    'BE-BEASTUPRO-942D3', 
    15, 
    false, 
    '{"Bluetooth": "5.3", "Battery Life": "40 hours (ANC off)", "Type": "Over-ear", "Chip": "Apple W1 + custom"}', 
    'published', 
    false, 
    'Buy Beats Studio Pro in Lagos, Nigeria - Maurice Gadgets Hub', 
    'Beats Studio Pro deliver personalized Spatial Audio, Active Noise Cancelling, and up to 40 hours of listening... Available now in Ikeja, Lagos.'
  ),
  (
    '833cb5ca-9066-47ed-aac9-d064b56c7bc3', 
    'Sony WH-1000XM5 Headphones', 
    'sony-wh-1000xm5', 
    'Industry-leading noise cancellation is refined for exceptional quiet, with crystal clear hands-free calling and up to 30-hour battery life.', 
    '22222222-2222-2222-2222-222222222222', 
    'cccccccc-cccc-cccc-cccc-cccccccccccc', 
    420000.00, 
    390000.00, 
    'SO-SONWH-HEA-5A757', 
    16, 
    false, 
    '{"Bluetooth": "5.2", "Battery Life": "30 hours", "Type": "Over-ear", "Driver Unit": "30mm"}', 
    'published', 
    true, 
    'Buy Sony WH-1000XM5 Headphones in Lagos, Nigeria - Maurice Gadgets Hub', 
    'Industry-leading noise cancellation is refined for exceptional quiet, with crystal clear hands-free calling... Available now in Ikeja, Lagos.'
  ),
  (
    '8b8e463c-e05e-4456-a54f-e7a50c0e9d0a', 
    'Anker PowerCore 20000mAh Power Bank', 
    'anker-powercore-20000', 
    'High-capacity PowerCore 20000 charges most phones over 5 times, with PowerIQ technology for fast, safe charging.', 
    '33333333-3333-3333-3333-333333333333', 
    'dddddddd-dddd-dddd-dddd-dddddddddddd', 
    55000.00, 
    null, 
    'AN-ANKPOW200-9E7A6', 
    50, 
    false, 
    '{"Capacity": "20000mAh", "Output": "18W PD", "Ports": "1x USB-C, 2x USB-A", "Weight": "356g"}', 
    'published', 
    false, 
    'Buy Anker PowerCore 20000mAh Power Bank in Lagos, Nigeria - Maurice Gadgets Hub', 
    'High-capacity PowerCore 20000 charges most phones over 5 times, with PowerIQ technology for fast, safe... Available now in Ikeja, Lagos.'
  ),
  (
    '2b787b17-3b7d-486e-a986-0957561c0dc8', 
    'Anker 3-in-1 MagSafe Charging Station', 
    'anker-3-in-1-magsafe-station', 
    'Charge your iPhone, Apple Watch, and AirPods simultaneously with this compact, foldable MagSafe-compatible charging station.', 
    '33333333-3333-3333-3333-333333333333', 
    'dddddddd-dddd-dddd-dddd-dddddddddddd', 
    85000.00, 
    null, 
    'AN-ANK3-IMAG-F8241', 
    20, 
    false, 
    '{"Output": "15W MagSafe / 5W Watch / 5W Buds", "Compatibility": "iPhone 12 and later", "Foldable": "Yes"}', 
    'published', 
    false, 
    'Buy Anker 3-in-1 MagSafe Charging Station in Lagos, Nigeria - Maurice Gadgets Hub', 
    'Charge your iPhone, Apple Watch, and AirPods simultaneously with this compact, foldable MagSafe-compatible... Available now in Ikeja, Lagos.'
  ),
  (
    'ff6576b8-10e8-4228-9787-11101a970114', 
    'Baseus 65W GaN Fast Charger', 
    'baseus-65w-gan-charger', 
    'Compact GaN charger delivers 65W fast charging for laptops, tablets, and phones from a single wall adapter.', 
    '33333333-3333-3333-3333-333333333333', 
    '7d121769-e1e7-42f7-acda-df7f4041d4a9', 
    35000.00, 
    30000.00, 
    'BA-BAS65WGAN-753D4', 
    60, 
    false, 
    '{"Ports": "2x USB-C, 1x USB-A", "Total Output": "65W max", "Technology": "GaN II", "Size": "Compact"}', 
    'published', 
    false, 
    'Buy Baseus 65W GaN Fast Charger in Lagos, Nigeria - Maurice Gadgets Hub', 
    'Compact GaN charger delivers 65W fast charging for laptops, tablets, and phones from a single wall... Available now in Ikeja, Lagos.'
  ),
  (
    '1bbab694-fd79-444c-b7c1-ee1681787316', 
    'Baseus USB-C to Lightning Cable 2m', 
    'baseus-usb-c-lightning-2m', 
    'Durable braided 2-meter cable supports fast charging and data sync between USB-C chargers and Lightning devices.', 
    '33333333-3333-3333-3333-333333333333', 
    '7d121769-e1e7-42f7-acda-df7f4041d4a9', 
    12000.00, 
    null, 
    'BA-BASUSBTO-2FA4C', 
    80, 
    false, 
    '{"Length": "2m", "Material": "Braided nylon", "Fast Charge": "20W PD supported", "Data Transfer": "480 Mbps"}', 
    'published', 
    false, 
    'Buy Baseus USB-C to Lightning Cable 2m in Lagos, Nigeria - Maurice Gadgets Hub', 
    'Durable braided 2-meter cable supports fast charging and data sync between USB-C chargers and Lightning... Available now in Ikeja, Lagos.'
  ),
  (
    '32d8cdc1-b8a2-476f-a2f0-84ea53b61247', 
    'UGREEN 4-Port USB-C Hub', 
    'ugreen-4-port-usb-c-hub', 
    'Expand your laptop''s connectivity with 4 USB 3.0 ports in one compact, plug-and-play aluminum hub.', 
    '33333333-3333-3333-3333-333333333333', 
    '3d8e4eb4-1668-43cc-b495-d7f56dbb4e52', 
    28000.00, 
    null, 
    'UG-UGR4-PUSB-D35C5', 
    35, 
    false, 
    '{"Ports": "4x USB 3.0", "Transfer Speed": "5 Gbps", "Material": "Aluminum alloy", "Compatibility": "USB-C laptops"}', 
    'published', 
    false, 
    'Buy UGREEN 4-Port USB-C Hub in Lagos, Nigeria - Maurice Gadgets Hub', 
    'Expand your laptop''s connectivity with 4 USB 3.0 ports in one compact, plug-and-play aluminum... Available now in Ikeja, Lagos.'
  ),
  (
    '2bcef451-ed57-4263-b0ca-210b2437bdd0', 
    'UGREEN 20000mAh Power Bank', 
    'ugreen-20000mah-power-bank', 
    '20000mAh power bank with 22.5W fast charging output, capable of charging two devices at once.', 
    '33333333-3333-3333-3333-333333333333', 
    '3d8e4eb4-1668-43cc-b495-d7f56dbb4e52', 
    48000.00, 
    null, 
    'UG-UGR200POW-AE681', 
    40, 
    false, 
    '{"Capacity": "20000mAh", "Output": "22.5W max", "Ports": "1x USB-C, 2x USB-A", "Display": "LED indicator"}', 
    'published', 
    false, 
    'Buy UGREEN 20000mAh Power Bank in Lagos, Nigeria - Maurice Gadgets Hub', 
    '20000mAh power bank with 22.5W fast charging output, capable of charging two devices at... Available now in Ikeja, Lagos.'
  ),
  (
    '6532c1df-ff70-48f2-9fd5-99a5549a1a49', 
    'Apple MagSafe Charger', 
    'apple-magsafe-charger', 
    'Perfectly aligned magnets make wireless charging a snap. MagSafe Charger delivers up to 15W of power to your iPhone.', 
    '33333333-3333-3333-3333-333333333333', 
    'aaaaaaaa-aaaa-aaaa-aaaa-aaaaaaaaaaaa', 
    45000.00, 
    null, 
    'AP-APPMAGCHA-6C31B', 
    30, 
    false, 
    '{"Output": "15W max", "Compatibility": "iPhone 12 and later", "Cable Length": "1m"}', 
    'published', 
    false, 
    'Buy Apple MagSafe Charger in Lagos, Nigeria - Maurice Gadgets Hub', 
    'Perfectly aligned magnets make wireless charging a snap. MagSafe Charger delivers up to 15W of power to your... Available now in Ikeja, Lagos.'
  ),
  (
    'a34d8968-0f69-459b-be3d-e930d2149700', 
    'Apple 20W USB-C Power Adapter', 
    'apple-20w-usb-c-adapter', 
    'Compact and efficient, the Apple 20W USB-C Power Adapter provides fast, high-efficiency charging at home, in the office, or on the go.', 
    '33333333-3333-3333-3333-333333333333', 
    'aaaaaaaa-aaaa-aaaa-aaaa-aaaaaaaaaaaa', 
    18000.00, 
    null, 
    'AP-APP20WUSB-BC54C', 
    55, 
    false, 
    '{"Output": "20W", "Port": "1x USB-C", "Compatibility": "iPhone, iPad, AirPods"}', 
    'published', 
    false, 
    'Buy Apple 20W USB-C Power Adapter in Lagos, Nigeria - Maurice Gadgets Hub', 
    'Compact and efficient, the Apple 20W USB-C Power Adapter provides fast, high-efficiency charging at home, in... Available now in Ikeja, Lagos.'
  ),
  (
    'dd56ad15-ef44-49be-ac05-380453aaaec1', 
    'Samsung 45W Super Fast Charger', 
    'samsung-45w-super-fast-charger', 
    'Charge compatible Galaxy devices at full speed with Samsung''s 45W Super Fast Charging wall adapter.', 
    '33333333-3333-3333-3333-333333333333', 
    'bbbbbbbb-bbbb-bbbb-bbbb-bbbbbbbbbbbb', 
    25000.00, 
    null, 
    'SA-SAM45WSUP-C1DAE', 
    45, 
    false, 
    '{"Output": "45W max", "Port": "1x USB-C", "Compatibility": "Galaxy S/Note series"}', 
    'published', 
    false, 
    'Buy Samsung 45W Super Fast Charger in Lagos, Nigeria - Maurice Gadgets Hub', 
    'Charge compatible Galaxy devices at full speed with Samsung''s 45W Super Fast Charging wall... Available now in Ikeja, Lagos.'
  ),
  (
    '8ad92cb3-8f07-473e-bc7c-5ff7adbdac5e', 
    'iPhone 15 Pro Silicone Case', 
    'iphone-15-pro-silicone-case', 
    'Soft, silky silicone exterior with a soft microfiber lining that protects your iPhone 15 Pro without adding bulk.', 
    '33333333-3333-3333-3333-333333333333', 
    'aaaaaaaa-aaaa-aaaa-aaaa-aaaaaaaaaaaa', 
    22000.00, 
    null, 
    'AP-IPH15PRO-BD06A', 
    60, 
    true, 
    '{"Material": "Silicone with microfiber lining", "MagSafe Compatible": "Yes", "Compatibility": "iPhone 15 Pro"}', 
    'published', 
    false, 
    'Buy iPhone 15 Pro Silicone Case in Lagos, Nigeria - Maurice Gadgets Hub', 
    'Soft, silky silicone exterior with a soft microfiber lining that protects your iPhone 15 Pro without adding... Available now in Ikeja, Lagos.'
  ),
  (
    '7c10930a-7af5-4311-b12a-8fa00e796bc9', 
    'Samsung Galaxy S24 Ultra Clear Case', 
    'galaxy-s24-ultra-clear-case', 
    'Show off your Galaxy S24 Ultra''s design while keeping it protected with this slim, transparent case.', 
    '33333333-3333-3333-3333-333333333333', 
    'bbbbbbbb-bbbb-bbbb-bbbb-bbbbbbbbbbbb', 
    15000.00, 
    null, 
    'SA-SAMGALS24-470F2', 
    45, 
    false, 
    '{"Material": "Polycarbonate/TPU", "Compatibility": "Galaxy S24 Ultra", "Yellowing Resistant": "Yes"}', 
    'published', 
    false, 
    'Buy Samsung Galaxy S24 Ultra Clear Case in Lagos, Nigeria - Maurice Gadgets Hub', 
    'Show off your Galaxy S24 Ultra''s design while keeping it protected with this slim, transparent... Available now in Ikeja, Lagos.'
  ),
  (
    'd2801090-a43e-4da9-bc6d-e41dd14920da', 
    'Tempered Glass Screen Protector (Universal)', 
    'tempered-glass-screen-protector', 
    '9H hardness tempered glass screen protector with oleophobic coating for scratch resistance and smudge-free touch.', 
    '33333333-3333-3333-3333-333333333333', 
    '3d8e4eb4-1668-43cc-b495-d7f56dbb4e52', 
    6500.00, 
    5000.00, 
    'UG-TEMGLASCR-95B6B', 
    100, 
    false, 
    '{"Hardness": "9H", "Thickness": "0.3mm", "Coating": "Oleophobic anti-fingerprint"}', 
    'published', 
    false, 
    'Buy Tempered Glass Screen Protector (Universal) in Lagos, Nigeria - Maurice Gadgets Hub', 
    '9H hardness tempered glass screen protector with oleophobic coating for scratch resistance and smudge-free... Available now in Ikeja, Lagos.'
  ),
  (
    '47f268bf-1513-43f0-9b76-5680fd74100f', 
    'Anker USB-C to USB-C Cable 100W 2m', 
    'anker-usb-c-cable-100w-2m', 
    'Durable braided cable supports up to 100W charging and 480Mbps data transfer between USB-C devices.', 
    '33333333-3333-3333-3333-333333333333', 
    'dddddddd-dddd-dddd-dddd-dddddddddddd', 
    14000.00, 
    null, 
    'AN-ANKUSBTO-9EFEE', 
    70, 
    false, 
    '{"Length": "2m", "Max Output": "100W", "Material": "Braided nylon", "Data Transfer": "480 Mbps"}', 
    'published', 
    false, 
    'Buy Anker USB-C to USB-C Cable 100W 2m in Lagos, Nigeria - Maurice Gadgets Hub', 
    'Durable braided cable supports up to 100W charging and 480Mbps data transfer between USB-C... Available now in Ikeja, Lagos.'
  ),
  (
    '31a60eb2-b551-487c-a59a-8765389fead9', 
    'PlayStation 5 Pro Console', 
    'playstation-5-pro-console', 
    'PS5 Pro delivers enhanced graphics, advanced ray tracing, and AI-powered upscaling for the best PlayStation visuals yet.', 
    '44444444-4444-4444-4444-444444444444', 
    'cccccccc-cccc-cccc-cccc-cccccccccccc', 
    1250000.00, 
    null, 
    'SO-PLA5PRO-19913', 
    6, 
    false, 
    '{"Storage": "2TB SSD", "Resolution": "8K support / 4K @ 120Hz", "HDR Support": "Yes", "CPU": "AMD Zen 2 (enhanced)"}', 
    'published', 
    true, 
    'Buy PlayStation 5 Pro Console in Lagos, Nigeria - Maurice Gadgets Hub', 
    'PS5 Pro delivers enhanced graphics, advanced ray tracing, and AI-powered upscaling for the best PlayStation... Available now in Ikeja, Lagos.'
  ),
  (
    '875f86df-cd4b-4575-a8b9-ca1dc4cec988', 
    'PlayStation 5 DualSense Wireless Controller', 
    'ps5-dualsense-controller', 
    'Discover a deeper, highly immersive gaming experience with haptic feedback and dynamic adaptive triggers.', 
    '44444444-4444-4444-4444-444444444444', 
    'cccccccc-cccc-cccc-cccc-cccccccccccc', 
    68000.00, 
    null, 
    'SO-PLA5DUA-99116', 
    40, 
    true, 
    '{"Connectivity": "Bluetooth / USB-C", "Battery Life": "~12 hours", "Features": "Haptic feedback, adaptive triggers"}', 
    'published', 
    false, 
    'Buy PlayStation 5 DualSense Wireless Controller in Lagos, Nigeria - Maurice Gadgets Hub', 
    'Discover a deeper, highly immersive gaming experience with haptic feedback and dynamic adaptive... Available now in Ikeja, Lagos.'
  ),
  (
    '51610c9f-7cd6-4cfd-9886-a41b32a4e169', 
    'PlayStation 5 DualSense Edge Controller', 
    'ps5-dualsense-edge-controller', 
    'Ultra-customizable pro controller with replaceable stick modules, back buttons, and adjustable trigger stops.', 
    '44444444-4444-4444-4444-444444444444', 
    'cccccccc-cccc-cccc-cccc-cccccccccccc', 
    165000.00, 
    null, 
    'SO-PLA5DUA-BCF79', 
    12, 
    false, 
    '{"Connectivity": "Bluetooth / USB-C", "Battery Life": "~12 hours", "Customization": "Swappable modules, back buttons"}', 
    'published', 
    true, 
    'Buy PlayStation 5 DualSense Edge Controller in Lagos, Nigeria - Maurice Gadgets Hub', 
    'Ultra-customizable pro controller with replaceable stick modules, back buttons, and adjustable trigger... Available now in Ikeja, Lagos.'
  ),
  (
    'e0ca2e95-21e2-45ed-b014-783efea5217d', 
    'PlayStation VR2', 
    'playstation-vr2', 
    'Feel truly present in game worlds with 4K HDR visuals, eye tracking, and 3D Audio on PlayStation VR2, powered by PS5.', 
    '44444444-4444-4444-4444-444444444444', 
    'cccccccc-cccc-cccc-cccc-cccccccccccc', 
    480000.00, 
    450000.00, 
    'SO-PLAVR2-A08B4', 
    8, 
    false, 
    '{"Resolution": "2000 x 2040 per eye", "Field of View": "110 degrees", "Tracking": "Inside-out with eye tracking"}', 
    'published', 
    true, 
    'Buy PlayStation VR2 in Lagos, Nigeria - Maurice Gadgets Hub', 
    'Feel truly present in game worlds with 4K HDR visuals, eye tracking, and 3D Audio on PlayStation VR2, powered... Available now in Ikeja, Lagos.'
  ),
  (
    '2ac55318-0d6f-4a17-823c-e89fce222140', 
    'Xbox Series X Console', 
    'xbox-series-x-console', 
    'The fastest, most powerful Xbox ever. Play thousands of titles across four generations of consoles with up to 12 teraflops of processing power.', 
    '44444444-4444-4444-4444-444444444444', 
    '85c77935-17eb-4dbc-b3f8-b1a985ba8176', 
    750000.00, 
    null, 
    'MI-XBOSERX-8EEC6', 
    10, 
    false, 
    '{"Storage": "1TB SSD", "Resolution": "4K @ 120Hz", "HDR Support": "Yes", "CPU": "AMD Zen 2 8-core"}', 
    'published', 
    true, 
    'Buy Xbox Series X Console in Lagos, Nigeria - Maurice Gadgets Hub', 
    'The fastest, most powerful Xbox ever. Play thousands of titles across four generations of consoles with up to... Available now in Ikeja, Lagos.'
  ),
  (
    '5264d271-d95b-414e-bb68-e8626739cf8e', 
    'Xbox Series S Console', 
    'xbox-series-s-console', 
    'Experience next-gen speed and performance in the smallest Xbox ever, with all-digital gaming.', 
    '44444444-4444-4444-4444-444444444444', 
    '85c77935-17eb-4dbc-b3f8-b1a985ba8176', 
    420000.00, 
    null, 
    'MI-XBOSERS-0595C', 
    14, 
    false, 
    '{"Storage": "512GB SSD", "Resolution": "1440p @ 120Hz", "HDR Support": "Yes", "CPU": "AMD Zen 2 8-core"}', 
    'published', 
    false, 
    'Buy Xbox Series S Console in Lagos, Nigeria - Maurice Gadgets Hub', 
    'Experience next-gen speed and performance in the smallest Xbox ever, with all-digital... Available now in Ikeja, Lagos.'
  ),
  (
    '9f02897e-872a-4583-84e0-d61ea70e3de2', 
    'Xbox Wireless Controller', 
    'xbox-wireless-controller', 
    'Featuring a hybrid D-pad, textured grip, and Bluetooth connectivity for gaming on console, PC, and mobile.', 
    '44444444-4444-4444-4444-444444444444', 
    '85c77935-17eb-4dbc-b3f8-b1a985ba8176', 
    55000.00, 
    null, 
    'MI-XBOWIRCON-FB75A', 
    35, 
    false, 
    '{"Connectivity": "Bluetooth / USB-C", "Battery Life": "~40 hours (AA)", "Compatibility": "Xbox, PC, mobile"}', 
    'published', 
    false, 
    'Buy Xbox Wireless Controller in Lagos, Nigeria - Maurice Gadgets Hub', 
    'Featuring a hybrid D-pad, textured grip, and Bluetooth connectivity for gaming on console, PC, and... Available now in Ikeja, Lagos.'
  ),
  (
    '7c7d9b8e-0597-4066-891a-8aa24ed1d273', 
    'PlayStation 5 Slim Digital Edition', 
    'ps5-slim-digital-edition', 
    'All the power of PS5 in an all-digital, disc-free slim design — download games straight from the PlayStation Store.', 
    '44444444-4444-4444-4444-444444444444', 
    'cccccccc-cccc-cccc-cccc-cccccccccccc', 
    680000.00, 
    null, 
    'SO-PLA5SLI-E64F7', 
    15, 
    false, 
    '{"Storage": "1TB SSD", "Resolution": "4K UHD @ 120Hz", "Disc Drive": "None (digital only)", "CPU": "AMD Ryzen Zen 2"}', 
    'published', 
    false, 
    'Buy PlayStation 5 Slim Digital Edition in Lagos, Nigeria - Maurice Gadgets Hub', 
    'All the power of PS5 in an all-digital, disc-free slim design — download games straight from the PlayStation... Available now in Ikeja, Lagos.'
  ),
  (
    'da6142af-71b8-4336-88ae-d1cef2a36a91', 
    'PlayStation 5 Vertical Stand', 
    'ps5-vertical-stand', 
    'Official vertical stand keeps your PS5 stable and secure whether displayed upright on a shelf or console unit.', 
    '44444444-4444-4444-4444-444444444444', 
    'cccccccc-cccc-cccc-cccc-cccccccccccc', 
    18000.00, 
    null, 
    'SO-PLA5VER-0B137', 
    25, 
    false, 
    '{"Compatibility": "PS5 Slim & Original", "Material": "Plastic composite"}', 
    'published', 
    false, 
    'Buy PlayStation 5 Vertical Stand in Lagos, Nigeria - Maurice Gadgets Hub', 
    'Official vertical stand keeps your PS5 stable and secure whether displayed upright on a shelf or console... Available now in Ikeja, Lagos.'
  ),
  (
    '8372feb5-b2be-459e-9820-fd18bcc5d1fa', 
    'Marvel''s Spider-Man 2 (PS5 Game)', 
    'spider-man-2-ps5', 
    'Peter Parker and Miles Morales face the ultimate test of strength as Venom and other formidable villains threaten New York City.', 
    '55555555-5555-5555-5555-555555555555', 
    'cccccccc-cccc-cccc-cccc-cccccccccccc', 
    55000.00, 
    null, 
    'SO-MARSPI2-E1F91', 
    30, 
    false, 
    '{"Platform": "PlayStation 5", "Genre": "Action-Adventure", "Publisher": "Sony Interactive Entertainment", "Multiplayer": "No"}', 
    'published', 
    true, 
    'Buy Marvel''s Spider-Man 2 (PS5 Game) in Lagos, Nigeria - Maurice Gadgets Hub', 
    'Peter Parker and Miles Morales face the ultimate test of strength as Venom and other formidable villains... Available now in Ikeja, Lagos.'
  ),
  (
    'f652dacc-69fe-4009-b737-6e400cb68b12', 
    'God of War Ragnarok (PS5 Game)', 
    'god-of-war-ragnarok-ps5', 
    'Kratos and Atreus must journey to each of the Nine Realms in search of answers as Asgardian forces prepare for Ragnarok.', 
    '55555555-5555-5555-5555-555555555555', 
    'cccccccc-cccc-cccc-cccc-cccccccccccc', 
    48000.00, 
    42000.00, 
    'SO-GODOFWAR-5A8A8', 
    25, 
    false, 
    '{"Platform": "PlayStation 5", "Genre": "Action-Adventure", "Publisher": "Sony Interactive Entertainment", "Multiplayer": "No"}', 
    'published', 
    true, 
    'Buy God of War Ragnarok (PS5 Game) in Lagos, Nigeria - Maurice Gadgets Hub', 
    'Kratos and Atreus must journey to each of the Nine Realms in search of answers as Asgardian forces prepare... Available now in Ikeja, Lagos.'
  ),
  (
    '8bab2528-d27f-4178-983e-496a08ebc55f', 
    'Call of Duty: Modern Warfare III (PS5 Game)', 
    'cod-modern-warfare-3-ps5', 
    'Captain Price and Task Force 141 confront the ultimate threat in this direct sequel to the record-breaking Modern Warfare II.', 
    '55555555-5555-5555-5555-555555555555', 
    'cccccccc-cccc-cccc-cccc-cccccccccccc', 
    62000.00, 
    null, 
    'SO-CALOFDUT-5B868', 
    28, 
    false, 
    '{"Platform": "PlayStation 5", "Genre": "First-Person Shooter", "Publisher": "Activision", "Multiplayer": "Yes"}', 
    'published', 
    false, 
    'Buy Call of Duty: Modern Warfare III (PS5 Game) in Lagos, Nigeria - Maurice Gadgets Hub', 
    'Captain Price and Task Force 141 confront the ultimate threat in this direct sequel to the record-breaking... Available now in Ikeja, Lagos.'
  ),
  (
    '4f6ed564-9d04-4df9-8c95-4d54cfeeaf8b', 
    'Grand Theft Auto V Premium Edition (PS5 Game)', 
    'gta-v-premium-ps5', 
    'Includes the complete GTA V story experience plus the Criminal Enterprise Starter Pack for GTA Online.', 
    '55555555-5555-5555-5555-555555555555', 
    'cccccccc-cccc-cccc-cccc-cccccccccccc', 
    35000.00, 
    null, 
    'SO-GRATHEAUT-8DE47', 
    40, 
    false, 
    '{"Platform": "PlayStation 5", "Genre": "Action-Adventure", "Publisher": "Rockstar Games", "Multiplayer": "Yes"}', 
    'published', 
    false, 
    'Buy Grand Theft Auto V Premium Edition (PS5 Game) in Lagos, Nigeria - Maurice Gadgets Hub', 
    'Includes the complete GTA V story experience plus the Criminal Enterprise Starter Pack for GTA... Available now in Ikeja, Lagos.'
  ),
  (
    'bd5e97a5-577d-498f-874f-6c507631fbd5', 
    'Mortal Kombat 1 (PS5 Game)', 
    'mortal-kombat-1-ps5', 
    'A new era of the iconic franchise begins with a reborn Mortal Kombat universe, built on all-new Kameo Fighter gameplay.', 
    '55555555-5555-5555-5555-555555555555', 
    'cccccccc-cccc-cccc-cccc-cccccccccccc', 
    45000.00, 
    null, 
    'SO-MORKOM1-807D3', 
    22, 
    false, 
    '{"Platform": "PlayStation 5", "Genre": "Fighting", "Publisher": "NetherRealm Studios", "Multiplayer": "Yes"}', 
    'published', 
    false, 
    'Buy Mortal Kombat 1 (PS5 Game) in Lagos, Nigeria - Maurice Gadgets Hub', 
    'A new era of the iconic franchise begins with a reborn Mortal Kombat universe, built on all-new Kameo Fighter... Available now in Ikeja, Lagos.'
  ),
  (
    'cfefe86e-debf-4c58-a683-3e071f073c34', 
    'Forza Horizon 5 (Xbox Series X Game)', 
    'forza-horizon-5-xbox', 
    'Explore the vibrant, ever-evolving open world landscapes of Mexico with limitless, thrilling driving action.', 
    '55555555-5555-5555-5555-555555555555', 
    '85c77935-17eb-4dbc-b3f8-b1a985ba8176', 
    42000.00, 
    null, 
    'MI-FORHOR5-1B301', 
    18, 
    false, 
    '{"Platform": "Xbox Series X|S", "Genre": "Racing", "Publisher": "Xbox Game Studios", "Multiplayer": "Yes"}', 
    'published', 
    false, 
    'Buy Forza Horizon 5 (Xbox Series X Game) in Lagos, Nigeria - Maurice Gadgets Hub', 
    'Explore the vibrant, ever-evolving open world landscapes of Mexico with limitless, thrilling driving... Available now in Ikeja, Lagos.'
  ),
  (
    '205e95b5-974c-482d-ab6a-054d382f7630', 
    'Marvel''s Spider-Man: Miles Morales (PS5 Game)', 
    'spider-man-miles-morales-ps5', 
    'Miles Morales navigates his own vision of what it means to be a hero in this standalone adventure set in Marvel''s New York.', 
    '55555555-5555-5555-5555-555555555555', 
    'cccccccc-cccc-cccc-cccc-cccccccccccc', 
    32000.00, 
    28000.00, 
    'SO-MARSPIMIL-63C6E', 
    20, 
    false, 
    '{"Platform": "PlayStation 5", "Genre": "Action-Adventure", "Publisher": "Sony Interactive Entertainment", "Multiplayer": "No"}', 
    'published', 
    false, 
    'Buy Marvel''s Spider-Man: Miles Morales (PS5 Game) in Lagos, Nigeria - Maurice Gadgets Hub', 
    'Miles Morales navigates his own vision of what it means to be a hero in this standalone adventure set in... Available now in Ikeja, Lagos.'
  ),
  (
    '69d062ab-33da-4d84-8e80-c4a89c883e56', 
    'Apple MacBook Air M2 13-inch', 
    'macbook-air-m2-13', 
    'Strikingly thin design built around the fast, efficient M2 chip, with a stunning Liquid Retina display and all-day battery life.', 
    '66666666-6666-6666-6666-666666666666', 
    'aaaaaaaa-aaaa-aaaa-aaaa-aaaaaaaaaaaa', 
    950000.00, 
    null, 
    'AP-APPMACAIR-34EBB', 
    15, 
    true, 
    '{"RAM": "8GB", "Storage": "256GB SSD", "Processor": "Apple M2", "Screen": "13.6 inches Liquid Retina", "Battery": "Up to 18 hours"}', 
    'published', 
    true, 
    'Buy Apple MacBook Air M2 13-inch in Lagos, Nigeria - Maurice Gadgets Hub', 
    'Strikingly thin design built around the fast, efficient M2 chip, with a stunning Liquid Retina display and... Available now in Ikeja, Lagos.'
  ),
  (
    'dbd29de6-f317-44a7-9883-6904ca2dc4d4', 
    'Apple MacBook Pro 14-inch M3', 
    'macbook-pro-14-m3', 
    'The M3 chip powers exceptional performance in MacBook Pro, with a stunning Liquid Retina XDR display for creative professionals.', 
    '66666666-6666-6666-6666-666666666666', 
    'aaaaaaaa-aaaa-aaaa-aaaa-aaaaaaaaaaaa', 
    1850000.00, 
    null, 
    'AP-APPMACPRO-9BD6F', 
    8, 
    false, 
    '{"RAM": "16GB", "Storage": "512GB SSD", "Processor": "Apple M3", "Screen": "14.2 inches Liquid Retina XDR", "Battery": "Up to 22 hours"}', 
    'published', 
    true, 
    'Buy Apple MacBook Pro 14-inch M3 in Lagos, Nigeria - Maurice Gadgets Hub', 
    'The M3 chip powers exceptional performance in MacBook Pro, with a stunning Liquid Retina XDR display for... Available now in Ikeja, Lagos.'
  ),
  (
    '96e1e272-d82c-45c7-be57-2a55a8570a8d', 
    'Apple MacBook Air M3 15-inch', 
    'macbook-air-m3-15', 
    'The world''s best 15-inch laptop just got even better, powered by the M3 chip with a spacious Liquid Retina display.', 
    '66666666-6666-6666-6666-666666666666', 
    'aaaaaaaa-aaaa-aaaa-aaaa-aaaaaaaaaaaa', 
    1450000.00, 
    null, 
    'AP-APPMACAIR-B0D68', 
    10, 
    false, 
    '{"RAM": "16GB", "Storage": "256GB SSD", "Processor": "Apple M3", "Screen": "15.3 inches Liquid Retina", "Battery": "Up to 18 hours"}', 
    'published', 
    false, 
    'Buy Apple MacBook Air M3 15-inch in Lagos, Nigeria - Maurice Gadgets Hub', 
    'The world''s best 15-inch laptop just got even better, powered by the M3 chip with a spacious Liquid Retina... Available now in Ikeja, Lagos.'
  ),
  (
    '5de4ddaf-1ad9-4100-a313-ca60720e5277', 
    'Dell XPS 13', 
    'dell-xps-13', 
    'A compact, premium laptop with a stunning InfinityEdge display, powerful Intel Core processors, and a CNC-machined aluminum chassis.', 
    '66666666-6666-6666-6666-666666666666', 
    '1107e49d-3a1a-4e66-ad0c-ae3a3acac48a', 
    1100000.00, 
    null, 
    'DE-DELXPS13-D42AE', 
    9, 
    false, 
    '{"RAM": "16GB", "Storage": "512GB SSD", "Processor": "Intel Core i7-1355U", "Screen": "13.4 inches FHD+", "Battery": "Up to 12 hours"}', 
    'published', 
    false, 
    'Buy Dell XPS 13 in Lagos, Nigeria - Maurice Gadgets Hub', 
    'A compact, premium laptop with a stunning InfinityEdge display, powerful Intel Core processors, and a... Available now in Ikeja, Lagos.'
  ),
  (
    'b16234f7-aaf6-48b7-b396-014a5441f35f', 
    'Dell Inspiron 15', 
    'dell-inspiron-15', 
    'A reliable everyday laptop with a spacious 15.6-inch display, solid performance, and a durable, sleek design.', 
    '66666666-6666-6666-6666-666666666666', 
    '1107e49d-3a1a-4e66-ad0c-ae3a3acac48a', 
    650000.00, 
    590000.00, 
    'DE-DELINS15-12CA9', 
    16, 
    false, 
    '{"RAM": "8GB", "Storage": "512GB SSD", "Processor": "Intel Core i5-1235U", "Screen": "15.6 inches FHD", "Battery": "Up to 8 hours"}', 
    'published', 
    false, 
    'Buy Dell Inspiron 15 in Lagos, Nigeria - Maurice Gadgets Hub', 
    'A reliable everyday laptop with a spacious 15.6-inch display, solid performance, and a durable, sleek... Available now in Ikeja, Lagos.'
  ),
  (
    '94f0824e-1242-4e7d-90f9-e7507d18fc28', 
    'HP Pavilion 15', 
    'hp-pavilion-15', 
    'A stylish, dependable laptop for work and entertainment, with a crisp micro-edge display and all-day battery life.', 
    '66666666-6666-6666-6666-666666666666', 
    'c7c6b506-8930-4175-9887-d65269222f56', 
    580000.00, 
    null, 
    'HP-HPPAV15-F1ADF', 
    20, 
    false, 
    '{"RAM": "8GB", "Storage": "512GB SSD", "Processor": "Intel Core i5-1335U", "Screen": "15.6 inches FHD", "Battery": "Up to 10 hours"}', 
    'published', 
    false, 
    'Buy HP Pavilion 15 in Lagos, Nigeria - Maurice Gadgets Hub', 
    'A stylish, dependable laptop for work and entertainment, with a crisp micro-edge display and all-day battery... Available now in Ikeja, Lagos.'
  ),
  (
    'c2d2d45c-498a-4f25-8e76-6cf027ebb2cd', 
    'HP Spectre x360', 
    'hp-spectre-x360', 
    'A premium 2-in-1 convertible with a gem-cut design, OLED display option, and versatile tablet, tent, and laptop modes.', 
    '66666666-6666-6666-6666-666666666666', 
    'c7c6b506-8930-4175-9887-d65269222f56', 
    1300000.00, 
    null, 
    'HP-HPSPEX36-1D1E1', 
    6, 
    false, 
    '{"RAM": "16GB", "Storage": "1TB SSD", "Processor": "Intel Core i7-1355U", "Screen": "13.5 inches OLED Touch", "Battery": "Up to 17 hours"}', 
    'published', 
    true, 
    'Buy HP Spectre x360 in Lagos, Nigeria - Maurice Gadgets Hub', 
    'A premium 2-in-1 convertible with a gem-cut design, OLED display option, and versatile tablet, tent, and... Available now in Ikeja, Lagos.'
  ),
  (
    '301793f3-0cd8-4024-b7aa-9035589dafb7', 
    'Microsoft Surface Laptop 5', 
    'microsoft-surface-laptop-5', 
    'Sleek and fast, Surface Laptop 5 delivers all-day battery life and a stunning PixelSense touchscreen in a lightweight design.', 
    '66666666-6666-6666-6666-666666666666', 
    '85c77935-17eb-4dbc-b3f8-b1a985ba8176', 
    1050000.00, 
    null, 
    'MI-MICSURLAP-B3CE2', 
    7, 
    false, 
    '{"RAM": "16GB", "Storage": "512GB SSD", "Processor": "Intel Core i7-1255U", "Screen": "13.5 inches PixelSense Touch", "Battery": "Up to 18 hours"}', 
    'published', 
    false, 
    'Buy Microsoft Surface Laptop 5 in Lagos, Nigeria - Maurice Gadgets Hub', 
    'Sleek and fast, Surface Laptop 5 delivers all-day battery life and a stunning PixelSense touchscreen in a... Available now in Ikeja, Lagos.'
  )
on conflict (id) do update set
  name = excluded.name,
  slug = excluded.slug,
  description = excluded.description,
  category_id = excluded.category_id,
  brand_id = excluded.brand_id,
  base_price = excluded.base_price,
  sale_price = excluded.sale_price,
  sku = excluded.sku,
  stock_quantity = excluded.stock_quantity,
  has_variants = excluded.has_variants,
  specifications = excluded.specifications,
  status = excluded.status,
  is_featured = excluded.is_featured,
  meta_title = excluded.meta_title,
  meta_description = excluded.meta_description;


-- Seed data for product_images

-- NOTE: image URLs are placehold.co text-labeled placeholders, NOT real product photography.

-- This is intentional (see 07-HERO-COMPONENT-SPEC.md / README for rationale): hotlinking

-- unverified stock or manufacturer marketing photos risks broken/mismatched images and

-- trademark exposure on a live commercial site. Replace with real photography of actual

-- stock (or properly licensed commercial photography) before production launch —

-- already tracked as a launch-blocking task in 06-ROADMAP.md Phase 6.

insert into public.product_images (id, product_id, url, alt_text, sort_order, is_primary)
values
  ('5cbfb255-e323-4111-9758-176870c1bd96', '00000000-0000-0000-0000-000000000001', 'https://placehold.co/800x800/f5f5f7/1d1d1f?text=iPhone+15+Pro+Max', 'iPhone 15 Pro Max — front view', 1, true),
  ('271e1ad6-e52d-4cdc-b8e5-59b3df9a0926', '00000000-0000-0000-0000-000000000001', 'https://placehold.co/800x800/0a0a0a/fa4730?text=iPhone+15+Pro+Max+Angle+2', 'iPhone 15 Pro Max — alternate angle', 2, false),
  ('1de14800-db84-442a-96ac-225077ea15f2', '00000000-0000-0000-0000-000000000002', 'https://placehold.co/800x800/f5f5f7/1d1d1f?text=Samsung+Galaxy+S24+Ultra', 'Samsung Galaxy S24 Ultra — front view', 1, true),
  ('2bcba6b3-0048-4e30-8a3d-39707ce6a1ec', '00000000-0000-0000-0000-000000000002', 'https://placehold.co/800x800/0a0a0a/fa4730?text=Samsung+Galaxy+S24+Ultra+Angle+2', 'Samsung Galaxy S24 Ultra — alternate angle', 2, false),
  ('1b3f1646-775d-4850-880b-35949f46d6fb', '00000000-0000-0000-0000-000000000003', 'https://placehold.co/800x800/f5f5f7/1d1d1f?text=Sony+WF-1000XM5+Noise+Canceling+Earpods', 'Sony WF-1000XM5 Noise Canceling Earpods — front view', 1, true),
  ('ac1bca93-984f-4bc2-b142-469a4686226d', '00000000-0000-0000-0000-000000000003', 'https://placehold.co/800x800/0a0a0a/fa4730?text=Sony+WF-1000XM5+Noise+Canceling+Earpods+Angle+2', 'Sony WF-1000XM5 Noise Canceling Earpods — alternate angle', 2, false),
  ('f77b4f98-ff97-401e-a393-9b4cb5f3d9da', '00000000-0000-0000-0000-000000000004', 'https://placehold.co/800x800/f5f5f7/1d1d1f?text=PlayStation+5+Slim+Console', 'PlayStation 5 Slim Console — front view', 1, true),
  ('6cdfd03c-7cb0-4e28-b33f-e0a5ddacf4f4', '00000000-0000-0000-0000-000000000004', 'https://placehold.co/800x800/0a0a0a/fa4730?text=PlayStation+5+Slim+Console+Angle+2', 'PlayStation 5 Slim Console — alternate angle', 2, false),
  ('af0dedfe-5291-488f-bd49-8c18b1f96e7a', '00000000-0000-0000-0000-000000000005', 'https://placehold.co/800x800/f5f5f7/1d1d1f?text=EA+Sports+FC+24+(PS5+Game)', 'EA Sports FC 24 (PS5 Game) — front view', 1, true),
  ('764aad24-3041-4f12-9e5e-d9489e92f152', '00000000-0000-0000-0000-000000000006', 'https://placehold.co/800x800/f5f5f7/1d1d1f?text=Anker+Prime+100W+GaN+Wall+Charger', 'Anker Prime 100W GaN Wall Charger — front view', 1, true),
  ('2978ac26-dd6f-4f26-8b6f-5fcda9203db8', '5259f309-3f91-45fb-b6be-0f9c09cd8b8b', 'https://placehold.co/800x800/f5f5f7/1d1d1f?text=iPhone+15', 'iPhone 15 — front view', 1, true),
  ('faa9d712-3d3c-4dc7-821b-e4d5ba28ea7f', '5259f309-3f91-45fb-b6be-0f9c09cd8b8b', 'https://placehold.co/800x800/0a0a0a/fa4730?text=iPhone+15+Angle+2', 'iPhone 15 — alternate angle', 2, false),
  ('4e477ec4-8ca0-44ef-8128-26cfedf2da37', '8d0f4521-591c-4766-a531-7b2483973f7b', 'https://placehold.co/800x800/f5f5f7/1d1d1f?text=iPhone+14', 'iPhone 14 — front view', 1, true),
  ('955a97ab-8cf1-4632-8c43-081881017d53', '8d0f4521-591c-4766-a531-7b2483973f7b', 'https://placehold.co/800x800/0a0a0a/fa4730?text=iPhone+14+Angle+2', 'iPhone 14 — alternate angle', 2, false),
  ('1bf49be2-0e3e-4abb-862f-7eea527313e2', 'a04b5e58-e2c7-47e5-9b2f-9dfc88e7040f', 'https://placehold.co/800x800/f5f5f7/1d1d1f?text=iPhone+13', 'iPhone 13 — front view', 1, true),
  ('2a4ecb83-701d-484a-a9f5-08db44a9b16c', 'a04b5e58-e2c7-47e5-9b2f-9dfc88e7040f', 'https://placehold.co/800x800/0a0a0a/fa4730?text=iPhone+13+Angle+2', 'iPhone 13 — alternate angle', 2, false),
  ('6e96394e-3b03-4a0f-9cc5-77692323ce15', '0ef1120d-c225-43f6-a79a-dc627b08dc02', 'https://placehold.co/800x800/f5f5f7/1d1d1f?text=Samsung+Galaxy+S23+FE', 'Samsung Galaxy S23 FE — front view', 1, true),
  ('82db6014-e72c-4308-b92f-3a8a4f1f4124', '0ef1120d-c225-43f6-a79a-dc627b08dc02', 'https://placehold.co/800x800/0a0a0a/fa4730?text=Samsung+Galaxy+S23+FE+Angle+2', 'Samsung Galaxy S23 FE — alternate angle', 2, false),
  ('ea2e2984-c1d8-404f-a07d-26d4528a8275', 'fda8ecff-2e68-4391-a104-264d30bc3d6e', 'https://placehold.co/800x800/f5f5f7/1d1d1f?text=Samsung+Galaxy+A54', 'Samsung Galaxy A54 — front view', 1, true),
  ('27a4b171-4b38-4d43-afce-960f738fa393', 'fda8ecff-2e68-4391-a104-264d30bc3d6e', 'https://placehold.co/800x800/0a0a0a/fa4730?text=Samsung+Galaxy+A54+Angle+2', 'Samsung Galaxy A54 — alternate angle', 2, false),
  ('4406ef46-c57e-481a-82c0-22b1f50d0e4e', '53dae507-243f-453c-91ee-3f48bb4b5996', 'https://placehold.co/800x800/f5f5f7/1d1d1f?text=Google+Pixel+8+Pro', 'Google Pixel 8 Pro — front view', 1, true),
  ('d2b538bd-6fa1-4315-812b-dbe11ace1a1a', '53dae507-243f-453c-91ee-3f48bb4b5996', 'https://placehold.co/800x800/0a0a0a/fa4730?text=Google+Pixel+8+Pro+Angle+2', 'Google Pixel 8 Pro — alternate angle', 2, false),
  ('2e0625cf-0dc9-4629-b212-59ca992116db', 'd4db67f6-369a-48e5-8b9a-808106cd44ad', 'https://placehold.co/800x800/f5f5f7/1d1d1f?text=Google+Pixel+8', 'Google Pixel 8 — front view', 1, true),
  ('235a0801-892c-4c42-a77a-d5ea6a51680a', 'd4db67f6-369a-48e5-8b9a-808106cd44ad', 'https://placehold.co/800x800/0a0a0a/fa4730?text=Google+Pixel+8+Angle+2', 'Google Pixel 8 — alternate angle', 2, false),
  ('07c46af5-415d-463b-b00e-d8bce5df59a4', '860809d2-7bdc-4359-b11b-570b54e79136', 'https://placehold.co/800x800/f5f5f7/1d1d1f?text=Tecno+Phantom+V+Fold', 'Tecno Phantom V Fold — front view', 1, true),
  ('91406e0a-c756-41ac-9e5e-7dfd2563b1b1', '860809d2-7bdc-4359-b11b-570b54e79136', 'https://placehold.co/800x800/0a0a0a/fa4730?text=Tecno+Phantom+V+Fold+Angle+2', 'Tecno Phantom V Fold — alternate angle', 2, false),
  ('01f94449-f5e7-44b3-a030-d44d51e11210', 'bd16c7e9-384d-4d5e-a773-0514adec7f50', 'https://placehold.co/800x800/f5f5f7/1d1d1f?text=Tecno+Camon+20+Pro', 'Tecno Camon 20 Pro — front view', 1, true),
  ('7b6a9b31-84b5-42ff-9747-6b1abf9c31eb', 'bd16c7e9-384d-4d5e-a773-0514adec7f50', 'https://placehold.co/800x800/0a0a0a/fa4730?text=Tecno+Camon+20+Pro+Angle+2', 'Tecno Camon 20 Pro — alternate angle', 2, false),
  ('e302c9be-fa45-446e-afe2-e45d67994b11', '74e0555d-7be6-4a3c-addb-1c18e2cbc1c7', 'https://placehold.co/800x800/f5f5f7/1d1d1f?text=Infinix+Zero+30', 'Infinix Zero 30 — front view', 1, true),
  ('484c7901-a21a-410d-b5db-9c3ba1300262', '74e0555d-7be6-4a3c-addb-1c18e2cbc1c7', 'https://placehold.co/800x800/0a0a0a/fa4730?text=Infinix+Zero+30+Angle+2', 'Infinix Zero 30 — alternate angle', 2, false),
  ('84966153-235b-4dfe-932d-68c8334ea92a', 'b5ddfda7-bdfb-4be4-b1df-c422868d492a', 'https://placehold.co/800x800/f5f5f7/1d1d1f?text=Infinix+Note+30', 'Infinix Note 30 — front view', 1, true),
  ('170737d2-5c16-448f-9a38-98ec5b64996f', '9045327e-abcf-4428-ade5-2e42fa0f6f64', 'https://placehold.co/800x800/f5f5f7/1d1d1f?text=Xiaomi+Redmi+Note+13+Pro', 'Xiaomi Redmi Note 13 Pro — front view', 1, true),
  ('93d9e558-71e1-497c-8cd6-3fdfe0e98c97', '4bcf3b6b-e9ab-4a1a-8d59-82426fee7f34', 'https://placehold.co/800x800/f5f5f7/1d1d1f?text=Apple+AirPods+Pro+(2nd+Gen)', 'Apple AirPods Pro (2nd Gen) — front view', 1, true),
  ('0187b526-c28b-472e-af6f-cbad3521bba2', '4bcf3b6b-e9ab-4a1a-8d59-82426fee7f34', 'https://placehold.co/800x800/0a0a0a/fa4730?text=Apple+AirPods+Pro+(2nd+Gen)+Angle+2', 'Apple AirPods Pro (2nd Gen) — alternate angle', 2, false),
  ('1f1ff716-434f-4581-9656-12aba95e4b31', '73c5f639-92ba-4315-b1db-9b1debebd430', 'https://placehold.co/800x800/f5f5f7/1d1d1f?text=Apple+AirPods+Max', 'Apple AirPods Max — front view', 1, true),
  ('4878966d-e188-4401-89a2-e8814ff30b2e', '73c5f639-92ba-4315-b1db-9b1debebd430', 'https://placehold.co/800x800/0a0a0a/fa4730?text=Apple+AirPods+Max+Angle+2', 'Apple AirPods Max — alternate angle', 2, false),
  ('f632284d-77ed-4be6-8a1d-d54ab2c4c3b3', 'eba54736-f687-4250-9ec9-1f7f62b831a3', 'https://placehold.co/800x800/f5f5f7/1d1d1f?text=Apple+AirPods+(3rd+Gen)', 'Apple AirPods (3rd Gen) — front view', 1, true),
  ('cab43dbd-99d6-4772-af54-24e613340148', 'be5fd093-ed2a-4527-afa2-a4a8023396d4', 'https://placehold.co/800x800/f5f5f7/1d1d1f?text=Samsung+Galaxy+Buds2+Pro', 'Samsung Galaxy Buds2 Pro — front view', 1, true),
  ('2d950d63-4308-4e12-a980-2b7d0016017c', 'f510502b-9689-4bd2-bb86-e9a3e156842c', 'https://placehold.co/800x800/f5f5f7/1d1d1f?text=JBL+Tune+760NC', 'JBL Tune 760NC — front view', 1, true),
  ('d765d6d7-5e19-451f-a0b2-b35375103edf', '0bd4b1c4-f2c3-4db3-ab08-f861e3186af8', 'https://placehold.co/800x800/f5f5f7/1d1d1f?text=JBL+Flip+6+Bluetooth+Speaker', 'JBL Flip 6 Bluetooth Speaker — front view', 1, true),
  ('8ce76d41-1ac2-4fbd-84fc-f4d98d9d9306', '0bd4b1c4-f2c3-4db3-ab08-f861e3186af8', 'https://placehold.co/800x800/0a0a0a/fa4730?text=JBL+Flip+6+Bluetooth+Speaker+Angle+2', 'JBL Flip 6 Bluetooth Speaker — alternate angle', 2, false),
  ('53f75919-2a8a-4216-a2ce-bd150b66fea6', 'c1371d9c-55e6-463e-b534-04cd642ac2eb', 'https://placehold.co/800x800/f5f5f7/1d1d1f?text=JBL+Charge+5', 'JBL Charge 5 — front view', 1, true),
  ('eacf5e97-752c-4895-ba14-d25b212ca018', '9ac35b44-97fa-45fa-b2bc-b19d1b777edf', 'https://placehold.co/800x800/f5f5f7/1d1d1f?text=Bose+QuietComfort+Ultra+Headphones', 'Bose QuietComfort Ultra Headphones — front view', 1, true),
  ('a9c13c5e-dd61-4d1a-b849-a922ac8a059a', '9ac35b44-97fa-45fa-b2bc-b19d1b777edf', 'https://placehold.co/800x800/0a0a0a/fa4730?text=Bose+QuietComfort+Ultra+Headphones+Angle+2', 'Bose QuietComfort Ultra Headphones — alternate angle', 2, false),
  ('13b67d79-0ff7-449e-aba1-1eafd750e07d', '84fc74e6-858b-4207-8f60-5b7de118e11c', 'https://placehold.co/800x800/f5f5f7/1d1d1f?text=Bose+SoundLink+Flex', 'Bose SoundLink Flex — front view', 1, true),
  ('25757736-d1e3-449b-915b-8a2f2f03a897', '85c87c64-554b-4bfb-a792-9f6b745808ce', 'https://placehold.co/800x800/f5f5f7/1d1d1f?text=Beats+Studio+Pro', 'Beats Studio Pro — front view', 1, true),
  ('f9376e97-372b-4c0c-970b-ee5cadc3a898', '85c87c64-554b-4bfb-a792-9f6b745808ce', 'https://placehold.co/800x800/0a0a0a/fa4730?text=Beats+Studio+Pro+Angle+2', 'Beats Studio Pro — alternate angle', 2, false),
  ('56234ee9-a1a9-4a1c-8d60-fefa5ebfe3ca', '833cb5ca-9066-47ed-aac9-d064b56c7bc3', 'https://placehold.co/800x800/f5f5f7/1d1d1f?text=Sony+WH-1000XM5+Headphones', 'Sony WH-1000XM5 Headphones — front view', 1, true),
  ('13a38880-22a6-46ff-beb7-2d998201586f', '833cb5ca-9066-47ed-aac9-d064b56c7bc3', 'https://placehold.co/800x800/0a0a0a/fa4730?text=Sony+WH-1000XM5+Headphones+Angle+2', 'Sony WH-1000XM5 Headphones — alternate angle', 2, false),
  ('00c16e3d-2c70-4ce1-920c-f0f8791f9f05', '8b8e463c-e05e-4456-a54f-e7a50c0e9d0a', 'https://placehold.co/800x800/f5f5f7/1d1d1f?text=Anker+PowerCore+20000mAh+Power+Bank', 'Anker PowerCore 20000mAh Power Bank — front view', 1, true),
  ('4e224448-526c-4e43-8e27-894e966eca8f', '2b787b17-3b7d-486e-a986-0957561c0dc8', 'https://placehold.co/800x800/f5f5f7/1d1d1f?text=Anker+3-in-1+MagSafe+Charging+Station', 'Anker 3-in-1 MagSafe Charging Station — front view', 1, true),
  ('e0ef3f90-a27e-46f0-b8ca-c498b5e58074', 'ff6576b8-10e8-4228-9787-11101a970114', 'https://placehold.co/800x800/f5f5f7/1d1d1f?text=Baseus+65W+GaN+Fast+Charger', 'Baseus 65W GaN Fast Charger — front view', 1, true),
  ('0121223f-3a83-4451-b3b8-1d0712f3ae76', '1bbab694-fd79-444c-b7c1-ee1681787316', 'https://placehold.co/800x800/f5f5f7/1d1d1f?text=Baseus+USB-C+to+Lightning+Cable+2m', 'Baseus USB-C to Lightning Cable 2m — front view', 1, true),
  ('82196ca9-d9f9-4506-9ebe-0db0912804e3', '32d8cdc1-b8a2-476f-a2f0-84ea53b61247', 'https://placehold.co/800x800/f5f5f7/1d1d1f?text=UGREEN+4-Port+USB-C+Hub', 'UGREEN 4-Port USB-C Hub — front view', 1, true),
  ('3b282389-428a-4d64-adca-fcc26ec9dd67', '2bcef451-ed57-4263-b0ca-210b2437bdd0', 'https://placehold.co/800x800/f5f5f7/1d1d1f?text=UGREEN+20000mAh+Power+Bank', 'UGREEN 20000mAh Power Bank — front view', 1, true),
  ('7d087a62-01f6-4ddc-97a4-79ae1f22853d', '6532c1df-ff70-48f2-9fd5-99a5549a1a49', 'https://placehold.co/800x800/f5f5f7/1d1d1f?text=Apple+MagSafe+Charger', 'Apple MagSafe Charger — front view', 1, true),
  ('697e5c83-d52c-4fa9-b9f3-409092700c94', 'a34d8968-0f69-459b-be3d-e930d2149700', 'https://placehold.co/800x800/f5f5f7/1d1d1f?text=Apple+20W+USB-C+Power+Adapter', 'Apple 20W USB-C Power Adapter — front view', 1, true),
  ('6f08650e-ee6c-4f40-9900-6e2227cdddce', 'dd56ad15-ef44-49be-ac05-380453aaaec1', 'https://placehold.co/800x800/f5f5f7/1d1d1f?text=Samsung+45W+Super+Fast+Charger', 'Samsung 45W Super Fast Charger — front view', 1, true),
  ('354777aa-44ac-4b85-ae8d-7a5c7993c7e0', '8ad92cb3-8f07-473e-bc7c-5ff7adbdac5e', 'https://placehold.co/800x800/f5f5f7/1d1d1f?text=iPhone+15+Pro+Silicone+Case', 'iPhone 15 Pro Silicone Case — front view', 1, true),
  ('64ec42b3-0fa2-43b0-9cd0-81043c017f7e', '7c10930a-7af5-4311-b12a-8fa00e796bc9', 'https://placehold.co/800x800/f5f5f7/1d1d1f?text=Samsung+Galaxy+S24+Ultra+Clear+Case', 'Samsung Galaxy S24 Ultra Clear Case — front view', 1, true),
  ('608b0e2d-c1d0-4ab5-bf6a-2dbea2b64310', 'd2801090-a43e-4da9-bc6d-e41dd14920da', 'https://placehold.co/800x800/f5f5f7/1d1d1f?text=Tempered+Glass+Screen+Protector+(Universal)', 'Tempered Glass Screen Protector (Universal) — front view', 1, true),
  ('ffed827f-c256-4d8c-af42-5679062f8480', '47f268bf-1513-43f0-9b76-5680fd74100f', 'https://placehold.co/800x800/f5f5f7/1d1d1f?text=Anker+USB-C+to+USB-C+Cable+100W+2m', 'Anker USB-C to USB-C Cable 100W 2m — front view', 1, true),
  ('52635f5f-de24-42f7-be69-8007a0987c68', '31a60eb2-b551-487c-a59a-8765389fead9', 'https://placehold.co/800x800/f5f5f7/1d1d1f?text=PlayStation+5+Pro+Console', 'PlayStation 5 Pro Console — front view', 1, true),
  ('f8d7031b-8a97-49d2-be9f-8c844b8e230f', '31a60eb2-b551-487c-a59a-8765389fead9', 'https://placehold.co/800x800/0a0a0a/fa4730?text=PlayStation+5+Pro+Console+Angle+2', 'PlayStation 5 Pro Console — alternate angle', 2, false),
  ('6f1d524c-f065-4eb9-9507-fb35f166617f', '875f86df-cd4b-4575-a8b9-ca1dc4cec988', 'https://placehold.co/800x800/f5f5f7/1d1d1f?text=PlayStation+5+DualSense+Wireless+Controller', 'PlayStation 5 DualSense Wireless Controller — front view', 1, true),
  ('5876577f-00e4-4a6f-ab17-c597a3c8f5ba', '51610c9f-7cd6-4cfd-9886-a41b32a4e169', 'https://placehold.co/800x800/f5f5f7/1d1d1f?text=PlayStation+5+DualSense+Edge+Controller', 'PlayStation 5 DualSense Edge Controller — front view', 1, true),
  ('793613a6-635c-4916-b53b-3d70ae36a787', '51610c9f-7cd6-4cfd-9886-a41b32a4e169', 'https://placehold.co/800x800/0a0a0a/fa4730?text=PlayStation+5+DualSense+Edge+Controller+Angle+2', 'PlayStation 5 DualSense Edge Controller — alternate angle', 2, false),
  ('e6769d2a-7fb9-42b0-ad55-9a7509fef9bf', 'e0ca2e95-21e2-45ed-b014-783efea5217d', 'https://placehold.co/800x800/f5f5f7/1d1d1f?text=PlayStation+VR2', 'PlayStation VR2 — front view', 1, true),
  ('00c4ac3f-733d-44c2-a7c9-3703ea95af7b', 'e0ca2e95-21e2-45ed-b014-783efea5217d', 'https://placehold.co/800x800/0a0a0a/fa4730?text=PlayStation+VR2+Angle+2', 'PlayStation VR2 — alternate angle', 2, false),
  ('971cac93-f3ec-4a12-ac3f-56185fe44495', '2ac55318-0d6f-4a17-823c-e89fce222140', 'https://placehold.co/800x800/f5f5f7/1d1d1f?text=Xbox+Series+X+Console', 'Xbox Series X Console — front view', 1, true),
  ('4f7b440b-2585-4fb8-91ae-2cd6b2900d0e', '2ac55318-0d6f-4a17-823c-e89fce222140', 'https://placehold.co/800x800/0a0a0a/fa4730?text=Xbox+Series+X+Console+Angle+2', 'Xbox Series X Console — alternate angle', 2, false),
  ('008ecb7b-3cb5-424e-9fde-a92b54b684c5', '5264d271-d95b-414e-bb68-e8626739cf8e', 'https://placehold.co/800x800/f5f5f7/1d1d1f?text=Xbox+Series+S+Console', 'Xbox Series S Console — front view', 1, true),
  ('45188fcf-c796-4e44-9cfa-d4df37781aea', '5264d271-d95b-414e-bb68-e8626739cf8e', 'https://placehold.co/800x800/0a0a0a/fa4730?text=Xbox+Series+S+Console+Angle+2', 'Xbox Series S Console — alternate angle', 2, false),
  ('8ebcd50e-ed6b-463f-a29a-3e1221ff46df', '9f02897e-872a-4583-84e0-d61ea70e3de2', 'https://placehold.co/800x800/f5f5f7/1d1d1f?text=Xbox+Wireless+Controller', 'Xbox Wireless Controller — front view', 1, true),
  ('6c5ca3ee-039d-4a27-bccd-b82b88484e20', '7c7d9b8e-0597-4066-891a-8aa24ed1d273', 'https://placehold.co/800x800/f5f5f7/1d1d1f?text=PlayStation+5+Slim+Digital+Edition', 'PlayStation 5 Slim Digital Edition — front view', 1, true),
  ('ec033caf-77f1-41b9-889c-d43b667ef00b', '7c7d9b8e-0597-4066-891a-8aa24ed1d273', 'https://placehold.co/800x800/0a0a0a/fa4730?text=PlayStation+5+Slim+Digital+Edition+Angle+2', 'PlayStation 5 Slim Digital Edition — alternate angle', 2, false),
  ('0a10844c-059f-4aef-b078-31d968e1d36c', 'da6142af-71b8-4336-88ae-d1cef2a36a91', 'https://placehold.co/800x800/f5f5f7/1d1d1f?text=PlayStation+5+Vertical+Stand', 'PlayStation 5 Vertical Stand — front view', 1, true),
  ('ceafbc4b-c243-4ae4-9263-a48ed7af3616', '8372feb5-b2be-459e-9820-fd18bcc5d1fa', 'https://placehold.co/800x800/f5f5f7/1d1d1f?text=Marvels+Spider-Man+2+(PS5+Game)', 'Marvel''s Spider-Man 2 (PS5 Game) — front view', 1, true),
  ('128f1d76-79ed-4c8c-8098-10ef02feb019', '8372feb5-b2be-459e-9820-fd18bcc5d1fa', 'https://placehold.co/800x800/0a0a0a/fa4730?text=Marvels+Spider-Man+2+(PS5+Game)+Angle+2', 'Marvel''s Spider-Man 2 (PS5 Game) — alternate angle', 2, false),
  ('7586d46f-bec2-41be-8933-6db08f2ade4b', 'f652dacc-69fe-4009-b737-6e400cb68b12', 'https://placehold.co/800x800/f5f5f7/1d1d1f?text=God+of+War+Ragnarok+(PS5+Game)', 'God of War Ragnarok (PS5 Game) — front view', 1, true),
  ('bcec61bc-7f29-4723-88c8-7033a2630183', 'f652dacc-69fe-4009-b737-6e400cb68b12', 'https://placehold.co/800x800/0a0a0a/fa4730?text=God+of+War+Ragnarok+(PS5+Game)+Angle+2', 'God of War Ragnarok (PS5 Game) — alternate angle', 2, false),
  ('f59f2eb6-be6a-4bf7-a0c6-4c3ac0af83ae', '8bab2528-d27f-4178-983e-496a08ebc55f', 'https://placehold.co/800x800/f5f5f7/1d1d1f?text=Call+of+Duty:+Modern+Warfare+III+(PS5+Game)', 'Call of Duty: Modern Warfare III (PS5 Game) — front view', 1, true),
  ('2accd546-ed5e-449c-a990-8549389a3dc0', '4f6ed564-9d04-4df9-8c95-4d54cfeeaf8b', 'https://placehold.co/800x800/f5f5f7/1d1d1f?text=Grand+Theft+Auto+V+Premium+Edition+(PS5+Game)', 'Grand Theft Auto V Premium Edition (PS5 Game) — front view', 1, true),
  ('d25a2975-ef69-4369-9666-8f5931558f44', 'bd5e97a5-577d-498f-874f-6c507631fbd5', 'https://placehold.co/800x800/f5f5f7/1d1d1f?text=Mortal+Kombat+1+(PS5+Game)', 'Mortal Kombat 1 (PS5 Game) — front view', 1, true),
  ('0ca1b85c-127a-4cc5-b1c0-e96ed45b9f3f', 'cfefe86e-debf-4c58-a683-3e071f073c34', 'https://placehold.co/800x800/f5f5f7/1d1d1f?text=Forza+Horizon+5+(Xbox+Series+X+Game)', 'Forza Horizon 5 (Xbox Series X Game) — front view', 1, true),
  ('b1246f34-decd-4266-9416-0ed919ebc402', '205e95b5-974c-482d-ab6a-054d382f7630', 'https://placehold.co/800x800/f5f5f7/1d1d1f?text=Marvels+Spider-Man:+Miles+Morales+(PS5+Game)', 'Marvel''s Spider-Man: Miles Morales (PS5 Game) — front view', 1, true),
  ('a19e89ba-f7c3-481d-a77c-3a28d2bfed2c', '69d062ab-33da-4d84-8e80-c4a89c883e56', 'https://placehold.co/800x800/f5f5f7/1d1d1f?text=Apple+MacBook+Air+M2+13-inch', 'Apple MacBook Air M2 13-inch — front view', 1, true),
  ('7d8b7729-bda9-45a9-be66-2af637db1c66', '69d062ab-33da-4d84-8e80-c4a89c883e56', 'https://placehold.co/800x800/0a0a0a/fa4730?text=Apple+MacBook+Air+M2+13-inch+Angle+2', 'Apple MacBook Air M2 13-inch — alternate angle', 2, false),
  ('ab251261-53e3-4584-b064-0f010ac3c906', 'dbd29de6-f317-44a7-9883-6904ca2dc4d4', 'https://placehold.co/800x800/f5f5f7/1d1d1f?text=Apple+MacBook+Pro+14-inch+M3', 'Apple MacBook Pro 14-inch M3 — front view', 1, true),
  ('97c122ff-bc34-4cad-8555-e6f592a5a2a6', 'dbd29de6-f317-44a7-9883-6904ca2dc4d4', 'https://placehold.co/800x800/0a0a0a/fa4730?text=Apple+MacBook+Pro+14-inch+M3+Angle+2', 'Apple MacBook Pro 14-inch M3 — alternate angle', 2, false),
  ('d4fe928e-2f03-4320-adca-ef679ff40145', '96e1e272-d82c-45c7-be57-2a55a8570a8d', 'https://placehold.co/800x800/f5f5f7/1d1d1f?text=Apple+MacBook+Air+M3+15-inch', 'Apple MacBook Air M3 15-inch — front view', 1, true),
  ('a44dcf1d-f7f1-4232-9d43-1cfdb7816f07', '96e1e272-d82c-45c7-be57-2a55a8570a8d', 'https://placehold.co/800x800/0a0a0a/fa4730?text=Apple+MacBook+Air+M3+15-inch+Angle+2', 'Apple MacBook Air M3 15-inch — alternate angle', 2, false),
  ('2d22fdbd-0133-4220-855f-a1c2edfc60f8', '5de4ddaf-1ad9-4100-a313-ca60720e5277', 'https://placehold.co/800x800/f5f5f7/1d1d1f?text=Dell+XPS+13', 'Dell XPS 13 — front view', 1, true),
  ('84beee46-8e7a-4162-b189-39f345317908', '5de4ddaf-1ad9-4100-a313-ca60720e5277', 'https://placehold.co/800x800/0a0a0a/fa4730?text=Dell+XPS+13+Angle+2', 'Dell XPS 13 — alternate angle', 2, false),
  ('2d8d86b4-f2bf-47ae-8ef3-d730ac829937', 'b16234f7-aaf6-48b7-b396-014a5441f35f', 'https://placehold.co/800x800/f5f5f7/1d1d1f?text=Dell+Inspiron+15', 'Dell Inspiron 15 — front view', 1, true),
  ('56bd5484-310e-497d-b42f-a6d5cc6d8c34', 'b16234f7-aaf6-48b7-b396-014a5441f35f', 'https://placehold.co/800x800/0a0a0a/fa4730?text=Dell+Inspiron+15+Angle+2', 'Dell Inspiron 15 — alternate angle', 2, false),
  ('8f158343-2bf7-47e5-a736-433bc3241e1c', '94f0824e-1242-4e7d-90f9-e7507d18fc28', 'https://placehold.co/800x800/f5f5f7/1d1d1f?text=HP+Pavilion+15', 'HP Pavilion 15 — front view', 1, true),
  ('619d6e12-d523-41ef-b2fa-d6693eafaa24', '94f0824e-1242-4e7d-90f9-e7507d18fc28', 'https://placehold.co/800x800/0a0a0a/fa4730?text=HP+Pavilion+15+Angle+2', 'HP Pavilion 15 — alternate angle', 2, false),
  ('88236a81-948f-4f23-8f5a-0435666dc03f', 'c2d2d45c-498a-4f25-8e76-6cf027ebb2cd', 'https://placehold.co/800x800/f5f5f7/1d1d1f?text=HP+Spectre+x360', 'HP Spectre x360 — front view', 1, true),
  ('9acf454d-0390-454c-81e1-50900236906a', 'c2d2d45c-498a-4f25-8e76-6cf027ebb2cd', 'https://placehold.co/800x800/0a0a0a/fa4730?text=HP+Spectre+x360+Angle+2', 'HP Spectre x360 — alternate angle', 2, false),
  ('c9d17622-ede2-4063-9d6a-1a64b5d21dc3', '301793f3-0cd8-4024-b7aa-9035589dafb7', 'https://placehold.co/800x800/f5f5f7/1d1d1f?text=Microsoft+Surface+Laptop+5', 'Microsoft Surface Laptop 5 — front view', 1, true),
  ('dd0ef84c-3f23-4fd7-965f-b8d65f0a7cf9', '301793f3-0cd8-4024-b7aa-9035589dafb7', 'https://placehold.co/800x800/0a0a0a/fa4730?text=Microsoft+Surface+Laptop+5+Angle+2', 'Microsoft Surface Laptop 5 — alternate angle', 2, false)
on conflict (id) do update set
  product_id = excluded.product_id,
  url = excluded.url,
  alt_text = excluded.alt_text,
  sort_order = excluded.sort_order,
  is_primary = excluded.is_primary;


-- Seed data for product_variants (only for products with has_variants = true)

insert into public.product_variants (id, product_id, variant_name, attributes, price_override, stock_quantity, sku)
values
  ('104ed88b-b431-466b-bb5f-3f8ecd28cb19', '00000000-0000-0000-0000-000000000001', '256GB / Natural Titanium', '{"storage": "256GB", "color": "Natural Titanium"}', null, 10, 'AP-IP15PM-256-NT'),
  ('a79a5612-e8e5-402f-b3db-1255f180e9b3', '00000000-0000-0000-0000-000000000001', '512GB / Natural Titanium', '{"storage": "512GB", "color": "Natural Titanium"}', 1850000.00, 5, 'AP-IP15PM-512-NT'),
  ('2ad51367-488d-4914-8c26-ad8660072448', '00000000-0000-0000-0000-000000000001', '256GB / Space Black', '{"storage": "256GB", "color": "Space Black"}', null, 10, 'AP-IP15PM-256-SB'),
  ('11b63f34-6746-4d00-93ca-d347d0a29943', '00000000-0000-0000-0000-000000000002', '256GB / Titanium Yellow', '{"storage": "256GB", "color": "Titanium Yellow"}', null, 8, 'SS-GALS24U-256-TY'),
  ('e3be9253-393c-4e2f-839f-6b7ab5ca4166', '00000000-0000-0000-0000-000000000002', '512GB / Titanium Gray', '{"storage": "512GB", "color": "Titanium Gray"}', 1750000.00, 7, 'SS-GALS24U-512-TG'),
  ('a9aea002-c7e1-4780-80a0-6a281c175a34', '5259f309-3f91-45fb-b6be-0f9c09cd8b8b', '128GB / Blue', '{"storage": "128GB", "color": "Blue"}', null, 12, 'AP-IP15-128-BL'),
  ('7ac9588c-4684-4201-821d-8412f8a8165c', '5259f309-3f91-45fb-b6be-0f9c09cd8b8b', '256GB / Pink', '{"storage": "256GB", "color": "Pink"}', 1080000.00, 8, 'AP-IP15-256-PK'),
  ('109fd89a-171e-4cfa-88fb-1860c473029e', '8ad92cb3-8f07-473e-bc7c-5ff7adbdac5e', 'Black', '{"color": "Black"}', null, 20, 'AP-CASE15P-BLK'),
  ('162cf52c-0beb-44b9-a962-6ea327c1c25f', '8ad92cb3-8f07-473e-bc7c-5ff7adbdac5e', 'Storm Blue', '{"color": "Storm Blue"}', null, 20, 'AP-CASE15P-BLU'),
  ('f1b67e00-3df8-4c44-a408-f07a6b49cbd1', '8ad92cb3-8f07-473e-bc7c-5ff7adbdac5e', 'Clay', '{"color": "Clay"}', null, 20, 'AP-CASE15P-CLY'),
  ('bb7db696-55f6-4531-9ac6-080fa11fb91b', '875f86df-cd4b-4575-a8b9-ca1dc4cec988', 'White', '{"color": "White"}', null, 20, 'SN-DS-WHT'),
  ('277bf201-0764-4c90-b57a-20835c63698b', '875f86df-cd4b-4575-a8b9-ca1dc4cec988', 'Midnight Black', '{"color": "Midnight Black"}', null, 20, 'SN-DS-BLK'),
  ('a82b2930-bd5c-40bb-bad5-f259e2e8eb49', '69d062ab-33da-4d84-8e80-c4a89c883e56', '8GB/256GB / Midnight', '{"ram": "8GB", "storage": "256GB", "color": "Midnight"}', null, 8, 'AP-MBA-M2-256-MID'),
  ('3463918f-1b95-4771-8721-0cc16ae56175', '69d062ab-33da-4d84-8e80-c4a89c883e56', '16GB/512GB / Starlight', '{"ram": "16GB", "storage": "512GB", "color": "Starlight"}', 1250000.00, 5, 'AP-MBA-M2-512-STL')
on conflict (id) do update set
  product_id = excluded.product_id,
  variant_name = excluded.variant_name,
  attributes = excluded.attributes,
  price_override = excluded.price_override,
  stock_quantity = excluded.stock_quantity,
  sku = excluded.sku;